,ec,eigenvector_centrality,closeness_centrality,betweenness_centrality,load_centrality,harmonic_centrality,class
0,eco:b2388,0.00016648895463276,0.14218506022982738,0.0033508979511066082,0.003635383483913407,0.1820906233297856,2
1,eco:b3885,6.585301406507054e-05,0.1279702084103972,0.0010371023151379713,0.0011314803506316188,0.16188717410984518,2
2,eco:b3879,9.470169167728839e-05,0.13873838978123584,0.006036137993642446,0.006431759425794641,0.16952238312426213,2
3,eco:b3721,1.9250080976546798e-05,0.12346443861265945,0.0023210294184504137,0.0023021272743030423,0.14650622798467944,2
4,eco:b4025,0.0007471662436707478,0.14696932730957954,0.009664315848750844,0.009412151408644799,0.19249818702492147,2
5,eco:b1780,7.261971334859434e-05,0.1285981613958821,0.0004706058740272375,0.0004876906217846299,0.15883700895707886,2
6,eco:b2417,8.256665619916663e-05,0.13770245600797995,0.0007330473104212651,0.0008060513452532482,0.1649944447812949,2
7,eco:b0688,0.00041056070164467365,0.1463215048265811,0.0315392276578811,0.02710121960405779,0.19189377377599948,2
8,eco:b4232,0.0026437805571988314,0.16658818364832903,0.025463908533070338,0.02298810474534041,0.20674391039275433,2
9,eco:b3916,0.004382344980518198,0.16675555288843116,0.05386113792663865,0.051110365607117514,0.20842984488215696,2
10,eco:b2925,0.03735192511515754,0.19019560004769118,0.097954649233913,0.09122186355482456,0.2364110921191846,1
11,eco:b3919,0.03660715494295703,0.18346797381166377,0.015051861442813105,0.013465565436840844,0.22308704862895612,2
12,eco:b1779,0.033445898658435814,0.18093462242908992,0.006608718653414504,0.005955445726309199,0.21619880200082517,1
13,eco:b2926,0.00196499710933216,0.15006994602919094,0.0046015334812670025,0.0039839822504951555,0.17172756193710007,1
14,eco:b0755,0.0011067763919545123,0.14997954244724562,0.003189834323875188,0.0035855760112870217,0.17372967430770944,2
15,eco:b2779,0.01319737324434298,0.17058310411951197,0.016598963667706204,0.017776139011719073,0.20651239415690273,1
16,eco:b0114,0.14702026392945206,0.1953440882404298,0.019048444244448855,0.018837930916536454,0.2502660954973091,2
17,eco:b0115,0.056341845480586246,0.17164153082552758,0.002481196146904053,0.0020907303265945572,0.21778865803432265,2
18,eco:b0116,1.322383533989094e-28,0.0,0.0,0.0,0.0,2
19,eco:b1854,0.22290123613190022,0.2106311679039152,0.1780194818213522,0.17657114588690628,0.2847365744403311,2
20,eco:b2715,1.0579875510812325e-06,0.10812163120611733,0.0,0.0,0.12198640371774554,2
21,eco:b3403,0.00080115370694529,0.14218506022982738,0.0006108169357974618,0.0006378247724457874,0.16235411585845153,2
22,eco:b4069,0.05638397850443313,0.17070006202429053,0.006102598261543979,0.006187729945976866,0.2170861853304049,2
23,eco:b4395,0.0011067763919545123,0.14997954244724562,0.003189834323875188,0.0035855760112870217,0.17372967430770944,2
24,eco:b3588,0.01531630631452326,0.15623849417158941,0.0035084864052450414,0.0037870632338213436,0.19075980217598731,2
25,eco:b3589,0.004072577068084036,0.14018358134145706,0.0002650205969168242,0.0005813309655860036,0.1647086896725629,2
26,eco:b2453,0.00112306264489025,0.13204245052369545,0.00023299859592100592,0.00010245121472749816,0.15161335332939424,2
27,eco:b0720,0.005528627738709273,0.1564215054151299,0.0,0.0,0.18833632648661566,2
28,eco:b1276,2.3465688203235332e-05,0.12097580092093661,7.975147151008556e-06,9.306274729595209e-06,0.13701193636164782,2
29,eco:b1136,0.00037985534213677205,0.13683211896808342,0.0010337192677683127,0.0010006859456429902,0.1571837042212769,2
30,eco:b3236,0.037307392457486814,0.18306326504590276,0.007035890405607479,0.007263968427203104,0.22873574723285672,2
31,eco:b4122,0.034348440572986284,0.17569939341032306,0.010954640480906252,0.011351073396966371,0.21549476535025652,2
32,eco:b2210,0.035100739237719544,0.17569939341032306,0.003548899918454935,0.002859816669008241,0.21580786746971706,2
33,eco:b4154,0.002929553471092431,0.1519475376639779,0.0026132263588336084,0.0027909384856623343,0.18445857289787962,2
34,eco:b0724,0.002929553471092431,0.1519475376639779,0.0026132263588336084,0.0027909384856623343,0.18445857289787962,2
35,eco:b0729,0.007358403051902104,0.1524593021815234,0.007057770983353612,0.0068927095938749825,0.1878420150818996,2
36,eco:b0726,0.011762117959600669,0.18054100106049872,0.01808228492653706,0.019719868442357034,0.22037660877978782,2
37,eco:b0727,0.011735745571039987,0.1591854478660024,0.0029411106393802786,0.003800099603650243,0.19514131902137694,2
38,eco:b4094,3.4442453457684e-06,0.12386965823219032,0.0,0.0,0.1415633425143374,2
39,eco:b1207,0.00012474406323202407,0.1375502985980264,0.013973842955575215,0.016110074756921465,0.15726903756166813,1
40,eco:b2935,0.0010799509950520866,0.15411082665578937,0.03890424328405578,0.039449081297541384,0.20513294709465232,2
41,eco:b4381,0.03355802323154545,0.18421460633549963,0.051015186668794635,0.04416439368295772,0.2212491506566651,2
42,eco:b3526,0.01228764859272184,0.1742360986178792,0.011067147386296144,0.011067147386296144,0.2038634334515838,2
43,eco:b4268,0.002668386369599418,0.16074564633113655,0.0,0.0,0.18669844125046484,2
44,eco:b3553,0.0364216666893361,0.18272736914673596,0.01441108681168913,0.01608730021754344,0.22680189110824914,2
45,eco:b0124,3.3286631975277244e-05,0.12520293711965189,0.0005047199004137723,0.0004497987449931985,0.15056503446400618,2
46,eco:b2464,0.0001453595701496631,0.1452120387649039,0.001857622410692369,0.00294073634127004,0.17284391307151464,2
47,eco:b2029,3.084432411109605e-05,0.1255524479978691,0.00023375479952820322,0.00023108839497084724,0.15206188780334506,2
48,eco:b1851,0.012283326861045841,0.17098599074198206,0.00023967621125613157,0.00034715541687928194,0.19899830821073605,2
49,eco:b0767,2.9092437747760067e-27,0.001445086705202312,6.273893076131601e-06,6.273893076131601e-06,0.001445086705202312,2
50,eco:b1852,1.322383533989094e-28,0.0,0.0,0.0,0.0,2
51,eco:b1850,0.2243434019600982,0.21224726382133652,0.10861654985872024,0.10126629326958896,0.273904679937917,2
52,eco:b3386,9.319306228726629e-05,0.13242874492682327,0.003420484469914033,0.004193283777913718,0.1643402765629478,2
53,eco:b4090,0.0003768478589681048,0.14470563235247183,0.030147664049565644,0.028668357212816232,0.183118312724527,2
54,eco:b3752,0.0020713218171546297,0.16400924931648733,0.021971917504333673,0.018450811373798136,0.19927304150570063,2
55,eco:b4383,0.0020531699763062443,0.16384734482555297,0.0371971775448067,0.03579727986024349,0.19710541144789717,2
56,eco:b2842,3.9463783689950206e-05,0.12473768648933176,0.0012659322029172206,0.0012662807525325615,0.13807082649206986,2
57,eco:b3091,3.947034012140613e-05,0.1247981360587475,0.0012624467067638145,0.0012620981571484736,0.13843209816837043,2
58,eco:b3092,2.300512982623279e-06,0.10921160040594803,0.001274297393685396,0.0012741231188777259,0.1206111051242387,2
59,eco:b1521,2.2869984028471145e-06,0.10921160040594803,2.3701373843163822e-05,2.3527099035493504e-05,0.11952729009533697,2
60,eco:b2843,2.1606863696016796e-06,0.10900357830993669,0.0,0.0,0.11740782959437356,2
61,eco:b4323,3.742948939176317e-05,0.12482838281978936,0.0037280866856835336,0.0037282609604912037,0.13867294595257082,2
62,eco:b4322,0.0006791459635003252,0.1456154672079307,0.009889049686444764,0.009889223961252436,0.1653017222020118,2
63,eco:b1617,1.2595309645214862e-07,0.0969581904206421,0.0,0.0,0.10408259509861925,2
64,eco:b2042,4.666658367585112e-05,0.1265714491420578,0.014288935692492347,0.013801321241688992,0.16047769325672265,2
65,eco:b2028,3.0959269659440993e-06,0.1104797162025417,0.00241754013200271,0.00241754013200271,0.13299940324230564,2
66,eco:b3580,5.549823958111482e-05,0.13200744457180688,0.008434588651817078,0.008596708201904335,0.1510539456529347,2
67,eco:b3575,1.322383533989094e-28,0.0,0.0,0.0,0.0,2
68,eco:b4196,3.5424941084944934e-06,0.11785374696446284,0.002728851398493187,0.002725137491204931,0.13355621236125342,2
69,eco:b0062,1.8402524980073398e-06,0.10909993008870628,0.0,0.0,0.12437991980345817,2
70,eco:b0063,3.3497693191174066e-05,0.12517146327924975,0.0037802589967340437,0.003860739779905621,0.15221671852175958,2
71,eco:b4198,7.101561823843074e-05,0.13200744457180688,0.00299820861992178,0.0029625688921223977,0.16219673128356435,2
72,eco:b4197,8.972387182499884e-06,0.1218331492353451,0.0028808696996314156,0.00300417585675819,0.14401932824344446,2
73,eco:b1580,2.175261350725019e-06,0.10914217154364292,0.0,0.0,0.11892517063483603,2
74,eco:b3904,0.0010008949953821042,0.14903683954649968,0.01192452224681628,0.012073193185922149,0.1712738610137459,2
75,eco:b3902,0.01817029030570458,0.17783288604459124,0.017241055969487926,0.0175503937604528,0.21659693068652608,2
76,eco:b3564,7.945886308201846e-05,0.13256977660406163,0.000795399709310684,0.0008542527003300533,0.16336254924851526,2
77,eco:b3565,0.0002050036300666426,0.14382786855137364,0.005021309256910656,0.005431766741955576,0.17779270945817222,2
78,eco:b4297,0.010869293796305213,0.160312968745929,0.0,0.0,0.18507005999780596,2
79,eco:b4298,0.1985171814013615,0.19759209560510138,0.0030555047199875176,0.0028220466241733523,0.2515924786517269,2
80,eco:b2168,0.0025463709425886413,0.16145657617537468,0.0,0.0,0.19070230107079827,2
81,eco:b2705,0.0007102058475655813,0.14555161675675402,0.0038585533501534716,0.003919830606436053,0.18416485369158822,2
82,eco:b2704,6.439713252484474e-05,0.13560241855252056,0.00013625846666084148,0.00022542252733480993,0.15661815504662374,2
83,eco:b4085,0.0007077845881393297,0.14589278667590258,0.0017701016750636346,0.0017478743840021803,0.18381505095739242,2
84,eco:b4465,3.8945946328854276e-05,0.12426555550907299,0.00015741115157799114,0.00015789297574931194,0.14423308365951193,2
85,eco:b4084,2.0656765110194862e-05,0.12364839357458543,0.0,0.0,0.14341946648028794,2
86,eco:b1819,0.00010380007084673419,0.13947677336830686,0.001621593241544248,0.0029218639471505236,0.1660610563970394,2
87,eco:b1613,0.0007125667050705542,0.14567936832207593,0.009180691034211241,0.007993785002587968,0.18459837970314888,2
88,eco:b2048,4.490281848422706e-05,0.12621852494926628,0.007271442075236525,0.007271442075236525,0.14964063773036082,2
89,eco:b2049,2.4731578509404866e-06,0.1099916237960803,0.0048559932409258585,0.0048559932409258585,0.12525838863712924,2
90,eco:b2053,1.3655960839866546e-07,0.09742361199860212,0.0024321792158470174,0.0024321792158470174,0.10836203962562979,2
91,eco:b3600,0.0007048349753422828,0.14508510516458492,0.0012100480812576038,0.0012099464209531297,0.18260106343560142,2
92,eco:b2052,7.551669359513133e-09,0.0874025067447526,0.0,0.0,0.09497482189040139,2
93,eco:b0394,0.0008483971638459682,0.14636451526303806,0.003515265181882835,0.003885822233189914,0.18924846227953196,2
94,eco:b2803,0.0009978383629506058,0.14679601442360127,0.0024321792158470174,0.0024321792158470174,0.1666967104828382,2
95,eco:b2802,5.463299348027853e-05,0.12517146327924975,0.0,0.0,0.13702009495000886,2
96,eco:b2245,0.012801314056108189,0.1711106807301909,0.0024321792158470174,0.0024321792158470174,0.20317487987285682,2
97,eco:b2800,0.018170131623232007,0.17732623964560382,0.008056413130883764,0.008248257153892566,0.2156817091065646,2
98,eco:b2247,0.0007008945953251763,0.14242908493273898,0.0,0.0,0.1593359594804688,2
99,eco:b3903,5.480036571462015e-05,0.12679706669846078,0.0,0.0,0.13962535337174128,2
100,eco:b2169,0.002126604657886597,0.16320291082427255,0.023296441746451325,0.026225261747913342,0.19662715656212784,2
101,eco:b3599,1.322383533989094e-28,0.0,0.0,0.0,0.0,2
102,eco:b0757,5.216756827756909e-06,0.11958023076965789,0.0019354665165574724,0.002196954244645332,0.13830497997129265,2
103,eco:b2091,0.00024072450767402404,0.13951585343929826,0.0024321792158470174,0.0024321792158470174,0.1618302358367391,2
104,eco:b0344,6.676890013704038e-05,0.13367304185902162,0.0,0.0,0.15356798989385748,2
105,eco:b3077,8.230606750673423e-05,0.1381226299375466,0.0005179820926577024,0.0006779874315393807,0.16482585133235467,2
106,eco:b0759,3.1310230538084445e-06,0.11050423455944419,0.0029475042266613573,0.0027088815912742407,0.13372194659490685,2
107,eco:b4119,0.0011369992791338622,0.15817410448692995,0.02695355146327873,0.030172944187240543,0.19332921012834328,2
108,eco:b0758,4.702565563648604e-07,0.10648675811053368,0.00033152130716776273,0.0005986680816379474,0.12308990442384733,2
109,eco:b0403,0.00021083236972267136,0.14300174638852828,0.00914646329563689,0.009386330595467701,0.1779859611326378,2
110,eco:b4565,1.3186232946922387e-05,0.11983924932006149,0.0,0.0,0.13298325048048817,2
111,eco:b2036,1.9893454427252238e-07,0.09875685857295825,0.0,0.0,0.11372100708719828,2
112,eco:b3137,0.03357143443592365,0.18462442748418817,0.024303452593965942,0.026963262422195055,0.22162647885191233,2
113,eco:b4477,0.03343922164934497,0.1806064856455769,0.0048559932409258585,0.0048559932409258585,0.21545217386980398,2
114,eco:b3140,2.9092437747760067e-27,0.001445086705202312,0.0,0.0,0.001445086705202312,2
115,eco:b3141,1.322383533989094e-28,0.0,0.0,0.0,0.0,2
116,eco:b3693,0.0018363727990694501,0.14903683954649968,0.0024321792158470174,0.0024321792158470174,0.16760906482727342,2
117,eco:b4478,0.00010054468589433249,0.12679706669846078,0.0,0.0,0.13792922114815243,2
118,eco:b2787,0.011735204381398167,0.16062325191124371,0.0,0.0,0.18687641837930885,2
119,eco:b3126,0.20259710670011657,0.19798492283294453,0.00963682253878988,0.009326686818636899,0.25472349984633197,2
120,eco:b4195,1.0683142947705471e-08,0.09229510304445884,0.0,0.0,0.09959667204523333,2
121,eco:b4192,1.9474373544712575e-07,0.10354170948738937,0.0024321792158470174,0.0024321792158470174,0.11430187966761464,2
122,eco:b3128,0.011735204381398167,0.16062325191124371,0.0,0.0,0.18687641837930885,2
123,eco:b1095,1.2298538675948776e-14,0.006294155427103404,0.0011424110215024245,0.0011554576209301217,0.010215386732727772,2
124,eco:b2323,1.2298538675948776e-14,0.006294155427103404,0.0011424110215024245,0.0011554576209301217,0.010215386732727774,1
125,eco:b1093,1.0330116502139215e-14,0.007080924855491329,0.013824881012030648,0.013759018902168225,0.010043352601156071,1
126,eco:b1288,1.2796465678394952e-14,0.007262487031273158,0.00017721258299962196,0.00016625816651748743,0.010765895953757225,1
127,eco:b1091,0.03299995133833145,0.16913453835762754,0.014945702051521117,0.014875995937329512,0.20967896907203265,2
128,eco:b0180,1.2508480167051936e-14,0.00809248554913295,0.010119625569589624,0.01008528917233142,0.011657032755298651,1
129,eco:b0954,6.438544421986461e-15,0.005780346820809248,0.0,0.0,0.008409028351224883,1
130,eco:b1092,6.847155978274415e-15,0.0050578034682080926,0.00197707887249785,0.002046784986689456,0.00784131571703826,1
131,eco:b3256,0.04244539503212446,0.1688477724397611,0.003163277861265789,0.0032400943876103438,0.21219009394587426,1
132,eco:b1805,1.322383533989094e-28,0.0,0.0,0.0,0.0,2
133,eco:b3846,0.012132915678182128,0.14512739170062824,7.606515275150136e-05,0.00010186072050317552,0.1759268789976886,2
134,eco:b2844,0.05340575276138426,0.1705246852482382,0.005217221376279554,0.005139829640898295,0.21588194640940306,2
135,eco:b3845,0.05439692958415881,0.17271317409811152,0.010062208249161101,0.009752930859804186,0.2205652889178899,2
136,eco:b0221,0.007640371308734614,0.14391100604764612,0.001220025955267668,0.0012191887949199126,0.1718645797041754,2
137,eco:b2261,8.933921768709574e-17,0.052095844415657615,0.0012143468598468056,0.0012139983102314646,0.059864250888325934,2
138,eco:b2260,2.865368091848622e-16,0.05538732824525645,0.0012795256379155057,0.0012798741875308466,0.06323663927100581,2
139,eco:b4039,6.711670473018781e-14,0.06356850260753931,0.028066374361571358,0.02807256838746089,0.07486908616047021,2
140,eco:b2265,4.664875706664734e-15,0.05927057266097554,0.012647122792635284,0.012647122792635284,0.07191288365373215,2
141,eco:b3930,1.2126734339329206e-12,0.06851019275245672,0.01765557163531131,0.017652818093350054,0.08193997610348187,2
142,eco:b3833,6.760241378904118e-14,0.06347126589226966,0.008080216602672914,0.008076765961481039,0.07506176438783053,2
143,eco:b2907,4.023689019461435e-15,0.05909471646390404,0.0004200719964085475,0.00041834667581261127,0.0678115899570627,2
144,eco:b2264,6.001095859065815e-16,0.055467537142124934,0.004768855837090699,0.004768158737860017,0.06576554100510987,2
145,eco:b2263,1.605979678936297e-16,0.05211220103870806,0.0023785025750845583,0.0023778054758538765,0.06046981103145829,2
146,eco:b3843,6.69844260441932e-14,0.06347126589226966,0.003999118866572404,0.004002569507764276,0.07332766034158775,2
147,eco:b4040,1.212633310173562e-12,0.06853848326563737,0.0321249557925212,0.032135785528294776,0.08196406088190196,1
148,eco:b2232,9.070277937005257e-16,0.055350386941402346,2.718686999657027e-05,2.718686999657027e-05,0.06401423354570993,2
149,eco:b4211,3.891600556026004e-15,0.05905967037419707,0.0,0.0,0.06636650325186036,2
150,eco:b2262,3.832832297256021e-15,0.05912278329670571,0.002505723184683893,0.0025064202839145742,0.06749504715497073,2
151,eco:b0662,4.023689019461435e-15,0.05909471646390404,0.0004200719964085475,0.00041834667581261127,0.0678115899570627,2
152,eco:b3957,5.844935220231796e-26,0.0026011560693641614,0.0024599635994698855,0.0024625030323816533,0.002890173410404624,2
153,eco:b3172,3.610531897674238e-06,0.1088666503486409,0.0,0.0,0.12490599477593732,2
154,eco:b4254,6.570951390777148e-05,0.12407004166959726,0.0012171352567695306,0.0012171352567695306,0.14652270898658235,2
155,eco:b2290,0.23450070316895846,0.20249372953430478,0.01903845568055135,0.01885123987889074,0.2638585122327893,2
156,eco:b3870,0.004869296919612874,0.16062325191124371,0.001929840277520191,0.0025932611683321775,0.19797663399542018,2
157,eco:b2874,6.193047479974756e-05,0.12147647741518798,0.006729049177814821,0.006535231324578829,0.13822435592666862,2
158,eco:b3960,2.9092437747760067e-27,0.001445086705202312,2.091297692043867e-06,2.091297692043867e-06,0.001445086705202312,2
159,eco:b0928,0.04249561965041598,0.19442877037284478,0.09817217056097212,0.0960323787539846,0.2581249113763561,2
160,eco:b3359,5.686249196153106e-27,0.002890173410404624,0.00126165002192875,0.0012641894548405174,0.002890173410404624,2
161,eco:b1524,0.007084362220648123,0.16368575967286506,0.008225498651960518,0.007704624615618881,0.20497899659749363,2
162,eco:b1761,0.007936571609174914,0.1694799458559753,0.004430513750061128,0.0049133217411021935,0.21406067840316367,2
163,eco:b2818,0.004844776839554772,0.16093473850189252,0.0023792992599196224,0.002376759827007854,0.19901227946748187,2
164,eco:b3959,2.9092437747760067e-27,0.001445086705202312,0.0011726204916103111,0.0011700810586985433,0.001445086705202312,2
165,eco:b3958,1.322383533989094e-28,0.0,0.0,0.0,0.0,2
166,eco:b2508,0.0010922748916863468,0.13453987595916117,2.666302794575327e-05,3.7434228687585214e-05,0.16975689692452728,2
167,eco:b0477,0.0027377464429626354,0.15143919736157405,0.002069587658736101,0.0023708408176693124,0.19783844928353614,2
168,eco:b4384,0.001437065710865451,0.13549172270064094,0.004522088060901518,0.0038791717428584434,0.17970046972937168,2
169,eco:b0125,0.002783867879448635,0.151485269523838,0.0037985746858748863,0.0043848686653598845,0.19856099263613727,2
170,eco:b4374,0.0063238488594491715,0.15933826589595376,0.027289928164025947,0.02673485040629321,0.22593004298206598,2
171,eco:b2518,0.0254898287978705,0.1776425547359456,0.015796929560217214,0.015237053392866087,0.2325187938265969,2
172,eco:b3806,1.322383533989094e-28,0.0,0.0,0.0,0.0,2
173,eco:b4177,0.0009248028098973896,0.13468544250063713,5.659495161943775e-05,4.6937288720841493e-05,0.16887608217088018,2
174,eco:b1131,0.00272973879838086,0.15444543453004203,0.007939563600655966,0.008045342644865653,0.19781608484643182,2
175,eco:b0474,0.026634888507585722,0.18146212861692984,0.033669092130013754,0.0336895979248387,0.2340497933344752,1
176,eco:b4213,7.984706749909618e-05,0.12180334660588442,1.0796890162474093e-05,1.3731270527988026e-05,0.14525221687432693,2
177,eco:b1623,0.0006390443071559654,0.13450353347510954,9.261461207622839e-07,6.273893076131601e-07,0.1680709624351246,2
178,eco:b2795,0.0024444435700384346,0.15396786670527382,0.0005298246700607422,0.0005594847539861583,0.19602348919545462,2
179,eco:b2162,0.0010637047359602857,0.1351974154018071,0.001083961085301589,0.0010973375246647603,0.17536520961376476,2
180,eco:b0469,0.0043186016265795695,0.1546853311354009,0.006379564024506258,0.0058129158160656206,0.20292205787147988,2
181,eco:b2407,0.0007918361926757726,0.13453987595916117,5.473698700941219e-05,0.00011054843031621266,0.16879350578772573,2
182,eco:b0238,0.0026934919092116752,0.15139315321521907,0.0025301955541438305,0.002577286819381806,0.19711590593093492,2
183,eco:b2868,0.0004989260015346396,0.12933300803243,5.002592303814457e-06,4.426580114826184e-06,0.1588776368942557,2
184,eco:b2883,0.0006875686380076309,0.13172806373673426,2.3430702742371596e-05,3.311811482650982e-05,0.16209967376874926,2
185,eco:b2499,1.1624434517499154e-06,0.11134438303328613,0.0010784460974150975,0.0011962582011774555,0.12541155657123898,2
186,eco:b0522,7.613219639256247e-07,0.10628219443433416,0.0006554916930462513,0.0007074544471783329,0.12124643238528858,2
187,eco:b2476,0.0001501013760834927,0.1313458403916791,0.004142403941580355,0.004196835269035741,0.15545227492481864,2
188,eco:b0523,8.27756238642617e-06,0.11515543037115067,0.0019014232769885258,0.001966660472399518,0.13202157709021922,2
189,eco:b3397,0.0001124296726264403,0.137398477076395,0.0,0.0,0.15534225528806503,2
190,eco:b3034,0.0001124296726264403,0.137398477076395,0.0,0.0,0.15534225528806503,2
191,eco:b3032,0.0018293560684137437,0.150934247021781,4.299202814590582e-05,5.6462714021082144e-05,0.1827424542381192,2
192,eco:b0516,4.227654418357404e-18,0.0038535645472061652,1.2547786152263202e-05,1.2547786152263202e-05,0.004335260115606936,2
193,eco:b0517,6.1366718721918635e-18,0.0033030553261767133,0.0,0.0,0.004094412331406551,2
194,eco:b0505,6.1366718721918635e-18,0.0033030553261767133,0.0,0.0,0.004094412331406551,2
195,eco:b2954,0.0017565327095475003,0.14868082440276364,2.2140016479673242e-05,3.197724877240824e-05,0.1817601393468448,2
196,eco:b2507,0.002551292781503082,0.15111747524274827,0.000501397657988145,0.00041545066419614317,0.1937440369521296,2
197,eco:b2781,0.006006982894850802,0.1572748202542184,0.059775520829986724,0.05981573602600263,0.21001855402144423,2
198,eco:b3988,0.020775551165299607,0.17508160370072273,0.005413776516667507,0.0049324242517591295,0.22124711752601892,1
199,eco:b2312,1.0600994792822906e-05,0.13827605690776326,0.004173733152642099,0.004877184042531443,0.15744318903639778,2
200,eco:b4005,1.6522232332032477e-05,0.13432211516721215,0.003426001244000243,0.0038695360864371164,0.15049003260708518,2
201,eco:b2500,0.00029081262153019785,0.141137211146501,0.01400856047311491,0.013603702699966688,0.16734434079087304,2
202,eco:b2557,1.600476905423967e-05,0.1222519226429795,0.002103474980351048,0.0021292630676518743,0.13814495956837045,2
203,eco:b2676,0.018229596562718327,0.1723544759172224,0.002518314134886934,0.0025661525593035574,0.21334042883898366,2
204,eco:b0104,0.0007007737564594762,0.13439462373140498,0.0006447570085720562,0.00066828414988439,0.16686672351412266,2
205,eco:b3650,0.016710839672321617,0.1711106807301909,0.0026954457528517,0.002743342320602176,0.2099100682554439,1
206,eco:b4006,0.0011858334767226367,0.1347583439580123,3.152486056402594e-05,3.2691049338824614e-05,0.17032116887608248,2
207,eco:b3164,0.019531097261391565,0.17349549858008903,0.0020426582023161193,0.002002820654359746,0.21651961959042873,2
208,eco:b2752,1.0673411507029346e-08,0.09392267685133993,0.0,0.0,0.10170611541637617,2
209,eco:b2750,9.674420220834325e-08,0.1053969552553046,0.0006252980099211162,0.0006252980099211162,0.11641394090816094,2
210,eco:b4238,0.02139801976300259,0.17582347490284447,0.0076022286957003705,0.007333875395758706,0.2243781387206239,2
211,eco:b4372,0.01505695357836697,0.16959539541037313,0.00044424317117701964,0.00043118588817103054,0.2047318408951356,2
212,eco:b0160,0.01450380544643281,0.17223524072115373,0.0024717917743105012,0.0023894645434750215,0.2122222069837676,2
213,eco:b3648,0.01812528688497692,0.17545175508275387,0.023637864024149996,0.023273458060393153,0.2266352265268447,1
214,eco:b0512,1.9092947777617665e-18,0.002569043031470777,0.0,0.0,0.0031310211946050095,2
215,eco:b3779,0.0009150327778967725,0.14242908493273898,0.0,0.0,0.16276068985606593,2
216,eco:b0910,0.0035337893826760808,0.14903683954649968,0.0009313461908318486,0.0009564576066627067,0.18076922274899168,2
217,eco:b2066,0.00128084313251389,0.1416591979871566,0.00521827028938768,0.005092186449302713,0.18263280553743025,2
218,eco:b2780,0.004319142189575232,0.14984414111491287,3.0761703422610754e-05,2.6065702067224528e-05,0.18383487097359957,1
219,eco:b2065,0.005202622212704541,0.15006994602919094,5.774477987648076e-05,6.796717499142571e-05,0.186002501031403,2
220,eco:b3640,0.0019607074630039424,0.1485034538994499,0.0012594772082533292,0.0012635373766018256,0.18097566370687782,1
221,eco:b1098,0.002965757297022244,0.15102580555803927,0.0014160363385919133,0.0014421128992480952,0.19054420210489587,1
222,eco:b2827,0.0006960307753714427,0.1350141217258285,2.3965434119006017e-05,2.7509278390760352e-05,0.16837775663642743,2
223,eco:b1238,0.0006336191268602821,0.1351240382428373,5.7594323436172624e-05,6.69312080791632e-05,0.16946157166532916,2
224,eco:b0391,0.00015956550277763595,0.12219192169935106,2.3353614673680666e-05,1.2657848992107376e-05,0.1497079008820341,2
225,eco:b2143,0.00030010079579515317,0.12255281341985122,6.014853473509289e-05,5.848589930912818e-05,0.1540431609976411,2
226,eco:b4382,0.0004560682300827787,0.13479482428934908,0.001181461788482638,0.0018041629338662614,0.16934401500875518,2
227,eco:b2147,0.00019051063021784605,0.12337266623509799,0.002450942977573563,0.002453615017190466,0.15490150705107383,2
228,eco:b0337,0.00017882844023331686,0.12318953016448675,0.0002792485869478384,0.00030312911156519726,0.1534564203458715,2
229,eco:b2873,1.0511200084847758e-05,0.10773086995345207,0.0,0.0,0.12511531558943179,2
230,eco:b3642,4.53549039492916e-05,0.13967239296629888,0.014775670430617675,0.016878636584325604,0.16439686076608087,2
231,eco:b0033,0.0010665506446666643,0.13897071753414889,0.009504225115209942,0.009223962720862981,0.1652039354351497,2
232,eco:b4245,6.211622736097237e-05,0.12555019690490557,0.0029244625158906102,0.0032315700130837784,0.14157068044351329,2
233,eco:b1012,0.0001905322449387137,0.12492024107497629,0.003484596103055842,0.003643955065846659,0.15687067227890958,2
234,eco:b1011,1.092464821180207e-05,0.11735377820524523,0.0022712980787324526,0.0025508966671221028,0.1375604445329883,2
235,eco:b1010,7.4936613455155345e-06,0.12168428175094222,0.001044522746753697,0.0012913315943031197,0.14044644741899137,2
236,eco:b3831,0.0001735862197841989,0.12297655740302679,0.0004979291556180531,0.0004613566741982351,0.151288790288068,2
237,eco:b1009,0.00012553833979527803,0.1378167951632592,0.004221916100341518,0.004511044682533706,0.16487249904880003,2
238,eco:b1539,0.0013652702844356402,0.14917078517820714,0.0026489143703566746,0.0029252121903667818,0.17831987376785108,2
239,eco:b1008,0.0001245739820893693,0.1357132954278701,0.0,0.0,0.15964094110770458,2
240,eco:b2498,0.0008269855156893881,0.13971158275108178,0.011687768948735406,0.011709133413006405,0.1792168392782558,2
241,eco:b1062,3.560300863575969e-06,0.12219192169935106,0.0019487509179874334,0.002440938599632542,0.13416578203427962,2
242,eco:b2165,0.00018995858613331514,0.12337266623509799,0.0012158889278419487,0.0012169609819618601,0.1549015070510739,2
243,eco:b0945,2.68475628045517e-06,0.1263787007423491,0.0024262664297022875,0.0030404566628456776,0.14097131593518916,2
244,eco:b1281,0.0006824231264965343,0.14432813939850886,0.014159651311350056,0.015697220420539153,0.1769431215059831,2
245,eco:b0171,0.004292547456351178,0.15454130382521897,0.002616014997418684,0.0027659859570134514,0.19724335154248468,1
246,eco:b2291,0.0008105025548928884,0.13549172270064094,0.0002926367832620605,0.00032683262297815224,0.17133674369946073,2
247,eco:b2166,1.322383533989094e-28,0.0,0.0,0.0,0.0,2
248,eco:b3517,0.007972657639480336,0.1682771479975855,0.04224020709761065,0.043976014470778375,0.2192681515658393,2
249,eco:b0674,0.0010858104780947285,0.1432073859433004,0.0006133404574696324,0.0006639870448865954,0.1758803736404896,2
250,eco:b1014,0.006672082688029256,0.16298922452532094,0.005129844201944482,0.005062438876317552,0.20177916175026006,2
251,eco:b3744,0.0005561060666002424,0.14065877992227557,0.000259719740999445,0.00022839465969762176,0.16772079478004373,2
252,eco:b2662,0.0007815536696341663,0.1497089840423498,0.01451589612078881,0.01662602147075215,0.18937822373516036,2
253,eco:b2957,0.0010858104780947285,0.1432073859433004,0.0006133404574696324,0.0006639870448865954,0.17588037364048958,2
254,eco:b2661,0.0008786470032663369,0.14214447071791478,0.002078231126076405,0.002242255494030837,0.17307206281194754,2
255,eco:b2574,0.005812447019397225,0.16057145466780248,0.010633137665508456,0.010867394552124722,0.20002900118507067,2
256,eco:b1525,0.0008761552463898327,0.14210390437353182,0.009528265821506189,0.010723750385451591,0.17234951945934637,2
257,eco:b0219,0.005785760989962987,0.16288259107780684,0.00042836079782460827,0.0003853883891427912,0.19880239782696432,2
258,eco:b3213,0.006929415081619987,0.16304259362306991,0.012932920598615411,0.012991454239319845,0.20250170510286117,2
259,eco:b4139,0.003201942420304373,0.1579733759279364,0.004522577830730379,0.004765908483353068,0.19507441819580565,2
260,eco:b3729,0.0007101252447518289,0.14597832920693507,0.043321414579134986,0.04238420445951415,0.1855720928878447,1
261,eco:b2366,0.19795295584401357,0.1975137171459165,0.0006233255041404984,0.000389867408326344,0.25086993529912577,2
262,eco:b3772,0.11626172971398,0.18159448611409756,0.00916954089706967,0.008771119902069593,0.22721638910222694,2
263,eco:b2551,0.016368710197272852,0.16697923572262088,0.003748375970695311,0.0036911342023571462,0.20634838828480448,2
264,eco:b2905,0.004902813092940244,0.15653319111124034,0.0229990914471424,0.02171612422683995,0.1893375651323631,2
265,eco:b4388,7.035343464641264e-07,0.10673785228828628,0.004198928265218091,0.004259790722414267,0.11648459579541734,2
266,eco:b4471,0.024309112251476125,0.16433402010721304,0.0017582569224245778,0.0018994554166756855,0.1973532969920254,2
267,eco:b0311,3.125378897230382e-05,0.11976371831234864,0.0,0.0,0.13488137643930787,2
268,eco:b0312,1.322383533989094e-28,0.0,0.0,0.0,0.0,2
269,eco:b2903,0.009055011436300754,0.15540951339727074,0.00020325414736101002,0.00018160721273304195,0.18759313903822616,2
270,eco:b3616,3.852956337001484e-08,0.09495272328849266,5.506459317238249e-06,7.717884339685696e-06,0.10249553538484805,2
271,eco:b3617,0.009055013437207634,0.15545803338272104,0.0015689591272483993,0.0017032146664632487,0.18831568239082733,2
272,eco:b0870,0.014835543328941634,0.16537099997504334,0.005585056010398477,0.005653802521945675,0.20239504394128682,2
273,eco:b0004,7.035343464641264e-07,0.10671497662341524,0.004152026362834084,0.004230227394113767,0.11729315621380434,2
274,eco:b0907,1.2847710759787723e-05,0.12192264469266785,0.011140183132008272,0.011461797116420345,0.1368654352514014,2
275,eco:b0003,3.852956337001484e-08,0.09540074688020768,0.0,0.0,0.10408513076057059,2
276,eco:b3940,1.322383533989094e-28,0.0,0.0,0.0,0.0,2
277,eco:b3433,3.0507539275441923e-05,0.1218001651527663,0.0,0.0,0.13971441612337618,1
278,eco:b2913,0.00022948938930353734,0.13367304185902162,0.008001645368835993,0.008217908957757796,0.1512555584268018,2
279,eco:b4024,0.0005561060666002424,0.14065877992227557,0.0012275917452297498,0.0012275917452297498,0.16723909921164296,2
280,eco:b3124,0.003715415161401343,0.15757344333065046,0.0018412550669136172,0.002314373244158968,0.18539353629671598,2
281,eco:b2585,3.804990212963696e-07,0.09340312904236643,0.004874814920154254,0.004874814920154254,0.10516915030557288,1
282,eco:b1261,1.5007772646800247e-19,0.005780346820809248,8.365190768175467e-06,8.365190768175467e-06,0.005780346820809248,2
283,eco:b1386,0.0026436441253605263,0.15507071969008268,0.007250152330158877,0.007220096041905975,0.18053800326199232,2
284,eco:b0031,3.852103234510231e-25,0.0036127167630057803,0.0,0.0,0.004576107899807322,1
285,eco:b2478,1.322383533989094e-28,0.0,0.0,0.0,0.0,1
286,eco:b3607,0.00031981129281298494,0.13538120742927012,6.97099230681289e-07,6.970992306812889e-07,0.15242185560104676,2
287,eco:b2421,0.0058370436022804825,0.15482962715325108,0.0010114687534478887,0.0009965033502589025,0.18400574217048246,2
288,eco:b4019,0.00235663010911151,0.14806187360239534,0.004362938539570091,0.004073979132761209,0.17238198538776606,2
289,eco:b1832,6.784522904145153e-05,0.1258357545930896,0.0,0.0,0.14251030360134445,2
290,eco:b2942,2.1431552080187212e-07,0.09448426583014335,0.003270414867311151,0.0034412608563342373,0.1049689378021584,1
291,eco:b4054,0.0011101966883120694,0.14657994728432602,0.008174838729908656,0.008599959072529612,0.17272261296827807,2
292,eco:b0261,0.01538008590649199,0.17526648395806246,0.013208888698932993,0.013575323165833717,0.21307252477772706,2
293,eco:b3008,0.24558572237215484,0.21481107891495058,0.13355043598022262,0.12170092340346017,0.2842916677092975,2
294,eco:b3939,0.027531544264758474,0.17613444673677237,0.009209005685944835,0.009945230806457404,0.2140651617168957,2
295,eco:b2521,0.2265960990643286,0.2076447376667454,0.03914943889850562,0.04304957034620603,0.26694374588160674,2
296,eco:b1919,0.03509180891739246,0.16400924931648733,3.2278481824494114e-06,1.5800915895442549e-06,0.19677526230994447,2
297,eco:b3829,0.0023495858176041827,0.1479738724888129,0.003900396582018822,0.003532959340985413,0.1714185942509645,2
298,eco:b2687,0.001765347210076225,0.14859208622048806,0.001027238291402286,0.0010401688927930532,0.1727639011598552,2
299,eco:b4013,0.0015074481333556277,0.14675963842373868,0.0,0.0,0.1677772051326968,2
300,eco:b0159,3.8754783853714505e-06,0.10619152930792397,0.0007805947198689935,0.0008079402426520199,0.12080715727753343,2
301,eco:b3770,0.015525931486557095,0.1760721644005854,0.01597626468448189,0.01643637530666678,0.2160843571970738,2
302,eco:b2688,0.0278276005166714,0.18740386937329903,0.03438546372478499,0.03646592385038163,0.2394764115139834,2
303,eco:b2947,0.010895107835424911,0.15877936253981362,0.011634920666092846,0.009088239674629146,0.19705109036756452,2
304,eco:b1961,4.390981501675576e-07,0.09453808257544248,3.3143899786028554e-05,3.7120534033778635e-05,0.10665487229156108,2
305,eco:b0120,3.899664304320178e-06,0.10628219443433416,0.004416746252606345,0.004622929253356106,0.12213182009063553,2
306,eco:b0121,7.061669440941311e-05,0.12135805043257505,0.01596273440463205,0.013781046139507987,0.14720201923959184,2
307,eco:b2917,0.003381220199391414,0.14542408905515639,0.0,0.0,0.17140008754893177,2
308,eco:b3771,0.0008995538063963811,0.14597832920693507,0.001225500447537706,0.001225500447537706,0.16777595397537637,2
309,eco:b3774,4.925835099809913e-05,0.125001265399917,0.0,0.0,0.13909547822120127,2
310,eco:b3769,1.322383533989094e-28,0.0,0.0,0.0,0.0,2
311,eco:b0074,1.322383533989094e-28,0.0,0.0,0.0,0.0,2
312,eco:b0072,2.9092437747760067e-27,0.001445086705202312,1.0456488460219334e-06,1.0456488460219334e-06,0.001445086705202312,2
313,eco:b0073,0.01475013525074797,0.1680063421097491,0.0,0.0,0.20150265598242487,2
314,eco:b3572,0.0009023495282612482,0.1461068312572933,1.2547786152263202e-05,1.4639083844307069e-05,0.16820947998693703,2
315,eco:b3809,2.9092437747760067e-27,0.001445086705202312,4.182595384087734e-06,4.182595384087734e-06,0.001445086705202312,2
316,eco:b0085,2.09918976043199e-12,0.06767304047182286,0.0,0.0,0.07489152529381207,1
317,eco:b2838,3.345630340992407e-26,0.003251445086705202,4.182595384087734e-06,4.182595384087734e-06,0.0036127167630057803,2
318,eco:b2472,1.322383533989094e-28,0.0,0.0,0.0,0.0,1
319,eco:b0086,1.2327571121883652e-20,0.0019267822736030826,0.00241754013200271,0.00241754013200271,0.002167630057803468,1
320,eco:b0166,5.844935220231796e-26,0.0026011560693641614,6.273893076131601e-06,6.273893076131601e-06,0.002890173410404624,1
321,eco:b4131,1.322383533989094e-28,0.0,0.0,0.0,0.0,2
322,eco:b2222,0.007931641391093647,0.14386942528889207,4.093873663819206e-06,4.322015230223991e-06,0.17114203635157427,2
323,eco:b4117,3.8224440312925294e-07,0.09776793263790605,0.002570019551294747,0.0025901501081108695,0.11426205917981722,2
324,eco:b2937,6.86451080681364e-06,0.11018634231574584,0.004961069912531569,0.00498085191973235,0.13242941828563243,2
325,eco:b1584,6.844524684497429e-06,0.1100402388784211,0.0,0.0,0.13079165335306983,2
326,eco:b3073,3.3353142418449095e-05,0.12432761071781662,0.008466454980762228,0.011311495841662507,0.14954043227164657,2
327,eco:b0243,0.000470671681760258,0.13722330618057352,0.0,0.0,0.15838794314227883,2
328,eco:b0242,0.0019130547318383523,0.14093746983437744,7.746609384801803e-05,0.00011188442652434688,0.16940672926944647,2
329,eco:b1301,1.923298908367293e-06,0.10855288443968944,7.835976268883255e-05,8.278053364340306e-05,0.12442409669649593,2
330,eco:b1300,2.8055325897334863e-05,0.12297655740302679,0.0022124356581936706,0.0022110244849133784,0.1417851336203942,2
331,eco:b2965,6.844524684497429e-06,0.11013759808114477,0.0037367412467774314,0.0037855973722147394,0.1319958922740717,2
332,eco:b0386,0.0003657333053694767,0.13675695713398942,0.0,0.0,0.15670200865287612,2
333,eco:b1297,6.944892464608348e-06,0.11008889695442307,0.00028973812957400457,0.00029557007380886645,0.13175504448987138,2
334,eco:b1747,8.23124584863266e-08,0.09511596579271356,0.0005115733419776925,0.0005191614247386369,0.10840966654996809,2
335,eco:b1298,0.0005094182493080769,0.14304282703960228,0.004557889920583678,0.004552057976348818,0.17298331886482213,2
336,eco:b1444,0.00050969447227295,0.14362044445481842,0.010600530876267056,0.013439739792932481,0.1748378468031651,2
337,eco:b1744,0.006672140635864659,0.16325641997536244,0.009795802744363863,0.009742685194597124,0.20230902687550079,2
338,eco:b1746,0.0003668448443344012,0.137398477076395,0.0070764396028729325,0.007056657595672147,0.15889028280646822,2
339,eco:b1748,2.018373170468118e-05,0.11889495724089194,0.004720244203170172,0.004700462195969391,0.13365422711521038,2
340,eco:b1745,1.112889517580371e-06,0.10507112912531241,0.002427769482311941,0.0024138024445270927,0.11729729607258546,2
341,eco:b2026,3.7422720273714736e-07,0.10470570694559134,0.0,0.0,0.11448816576430527,2
342,eco:b2024,1.322383533989094e-28,0.0,0.0,0.0,0.0,2
343,eco:b2021,3.3386262103181525e-06,0.10958012344296995,0.0037035139378020178,0.003703513937802018,0.12339062470926682,2
344,eco:b2022,1.8281986211423962e-07,0.09710063980593905,0.001208770066001355,0.001208770066001355,0.10639567018987348,2
345,eco:b2020,1.322383533989094e-28,0.0,0.0,0.0,0.0,2
346,eco:b2019,6.831725965668694e-06,0.11858349152771029,0.0014045104520299817,0.0014555431936625343,0.1307961753526617,2
347,eco:b0349,0.0028785198834446355,0.15190118393070637,0.0017696032643834518,0.001897225266222196,0.18421772511367926,2
348,eco:b0352,0.1016207353592642,0.1752048138370357,0.001026147899394605,0.0009468466483933722,0.21451693377271414,2
349,eco:b1385,0.000145269090051439,0.13144986296854685,0.004855616472768643,0.004825560184515748,0.14808993792014086,2
350,eco:b1398,8.574943370252022e-06,0.11470446462217357,0.0012266999138625142,0.001247368727030857,0.12717040966042184,2
351,eco:b3942,1.322383533989094e-28,0.0,0.0,0.0,0.0,2
352,eco:b1392,1.0314826141642985e-05,0.11217212906619858,0.000766842748429314,0.0007510413500674325,0.12425748684142975,2
353,eco:b1394,0.0001798197504328605,0.12401795290780959,0.0024413797387194147,0.002479621493485751,0.1405111166129957,2
354,eco:b1387,0.0032739745010898166,0.14483190253777065,0.00480617886447403,0.0048362351527269165,0.17053188863159993,2
355,eco:b2541,5.686249196153106e-27,0.002890173410404624,0.0,0.0,0.002890173410404624,2
356,eco:b2542,1.322383533989094e-28,0.0,0.0,0.0,0.0,2
357,eco:b1397,0.05961684366542428,0.17404127260568175,0.016450961829711636,0.016018991729503898,0.22524175006111405,2
358,eco:b0347,2.9092437747760067e-27,0.001445086705202312,0.0,0.0,0.001445086705202312,2
359,eco:b1393,0.0049235333827040645,0.14483190253777065,1.4039373476735665e-05,2.0599282266632093e-05,0.17231416223468282,2
360,eco:b0348,1.322383533989094e-28,0.0,0.0,0.0,0.0,2
361,eco:b1395,0.010534655232998234,0.14487404158418837,1.545032042610812e-05,2.1032064705680058e-05,0.17351840115568476,2
362,eco:b1396,1.0342234229983266e-06,0.10277235932401557,0.00020149682316968908,0.00016776533931448897,0.11268460243617553,2
363,eco:b0350,0.005721579742149964,0.15163279447753206,0.0,0.0,0.17576713187262366,2
364,eco:b0351,0.026808183585767434,0.16653246853674097,0.0019781017603710473,0.002033140230544473,0.2041778909914749,2
365,eco:b1189,1.322383533989094e-28,0.0,0.0,0.0,0.0,2
366,eco:b3708,9.275313577929688e-20,0.0033030553261767133,0.0,0.0,0.0036127167630057803,2
367,eco:b2599,6.078913361084728e-05,0.1250457259982058,0.002672118591218743,0.002617670939123305,0.13987818138829747,2
368,eco:b1260,1.5007772633576412e-19,0.004624277456647399,0.0,0.0,0.0050578034682080926,2
369,eco:b1262,1.322383533989094e-28,0.0,0.0,0.0,0.0,2
370,eco:b2329,4.102284878450156e-15,0.059186031252211516,0.0015914635701712498,0.0015739048338719583,0.06895045590806739,2
371,eco:b1264,3.837773373431011e-15,0.059150876802667555,0.0012275917452297498,0.0012275917452297498,0.0669032497423641,2
372,eco:b2600,6.430056801919382e-05,0.13017832181041974,0.03014799006615616,0.02998322576499692,0.15249803183329236,2
373,eco:b3389,6.037029422216457e-19,0.003010597302504817,0.005033767518223721,0.005051326254523013,0.0037331406551059728,2
374,eco:b2601,0.001438400790509643,0.15772318052735365,0.021945564234257368,0.02517217874880752,0.18233007759741907,2
375,eco:b1692,1.1770924652500272e-18,0.00401412973667309,0.0038438191314507605,0.0038613778677500524,0.004816955684007707,2
376,eco:b1693,9.133279296912985e-19,0.003284287966368891,6.273893076131601e-06,6.273893076131601e-06,0.004455684007707129,2
377,eco:b3281,1.3817522737401329e-18,0.005161023947151115,0.0014137312132957867,0.0014312899495950782,0.005780346820809248,2
378,eco:b3390,6.037029449986512e-19,0.00401412973667309,0.00019868725421830016,0.0002162459905175915,0.004816955684007708,2
379,eco:b0908,1.322383533989094e-28,0.0,0.0,0.0,0.0,2
380,eco:b1263,2.645115050192766e-16,0.055660144871265825,0.0,0.0,0.0632263172231115,2
381,eco:b0133,0.0005715230690213554,0.14921548724149103,0.005287558780636412,0.005986101689206431,0.18396253714172814,2
382,eco:b0131,0.001185093632734902,0.14614971556350323,0.0006743333891337135,0.0007317390273741056,0.18304158109071436,2
383,eco:b3447,0.01065628659136426,0.16363196875611422,0.015881430900497918,0.015227005782199184,0.20824363096761947,2
384,eco:b0368,0.00043722565321845965,0.14637963399406254,0.0052446873394782255,0.00480266514977874,0.1748123584828791,2
385,eco:b2297,0.05851390539639553,0.17081718042019056,0.0027711333267263056,0.002682872651326561,0.21901296760400785,2
386,eco:b2296,0.012095843948415364,0.14337232390580348,0.0003077475663140006,0.0003580343684590128,0.17233141777939504,2
387,eco:b4095,2.9092437747760067e-27,0.001445086705202312,2.091297692043867e-06,2.091297692043867e-06,0.001445086705202312,2
388,eco:b4098,1.322383533989094e-28,0.0,0.0,0.0,0.0,2
389,eco:b4101,3.0679297988546986e-26,0.0019267822736030826,0.0,0.0,0.002167630057803468,2
390,eco:b4092,2.9092437747760067e-27,0.001445086705202312,2.091297692043867e-06,2.091297692043867e-06,0.001445086705202312,2
391,eco:b3591,2.110551697342818e-09,0.0856851411084665,0.0,0.0,0.09155998046977973,2
392,eco:b1764,0.0008292478419528818,0.13889318854249805,0.002451000895075412,0.002451000895075412,0.1561642756729466,2
393,eco:b1680,0.01514544401962048,0.16603270454313288,0.006129054113356832,0.006155560481723451,0.19838091420461373,2
394,eco:b2114,0.00012865018713949496,0.12615456826066773,0.0009851893547765736,0.001021591508968436,0.1410170473393022,1
395,eco:b0888,4.540299756059481e-05,0.11940817288365839,0.0012275917452297498,0.0012275917452297498,0.13049820883997246,2
396,eco:b2881,2.485884607448811e-06,0.10500841904234304,0.0,0.0,0.11307187572807288,2
397,eco:b3967,0.006653065486547094,0.16293589035499198,0.00032831278025417267,0.0002953257873035703,0.20105661839765887,1
398,eco:b0088,3.595144457165406e-11,0.07286100101329464,0.0012213178521536183,0.0012213178521536183,0.07883943715651576,1
399,eco:b0091,6.329741215906469e-10,0.07969463523125088,0.0036493144726165478,0.0036493144726165478,0.08806353830451728,1
400,eco:b4053,0.013709812394897741,0.16449688831346398,0.006033393841546556,0.006033393841546556,0.194960302221863,2
401,eco:b0381,0.0007506413801286976,0.13804604406012072,0.0036137624118518018,0.0036137624118518018,0.15596304787056275,2
402,eco:b2988,0.0012192189029724112,0.13932067177528135,0.01585526995822586,0.012976960400364557,0.16851034322132635,2
403,eco:b0932,0.027035486500564875,0.183806600562885,0.011233006443834508,0.009923463498427047,0.23025824929726632,2
404,eco:b0237,0.0275933103402076,0.18544956459026274,0.012995422312771636,0.011397463566411317,0.23391569493448075,2
405,eco:b2523,0.0275933103402076,0.18544956459026274,0.012995422312771636,0.011397463566411317,0.23391569493448075,2
406,eco:b4260,0.027035486500564875,0.183806600562885,0.011233006443834508,0.009923463498427047,0.2302582492972663,2
407,eco:b3500,0.000787729074315676,0.14462157447715815,0.004022210602661741,0.003652297061467819,0.17586308200470083,2
408,eco:b2301,0.0005840061926286344,0.1372091708252564,4.4583134307158565e-05,6.692152614540378e-05,0.15925146626013723,2
409,eco:b1710,4.319622574376044e-05,0.12358701437698076,0.0007068512654256587,0.0006649375064924282,0.14097485286069147,2
410,eco:b1309,0.00022211404906532974,0.14395261084846936,0.01149070864486875,0.015191102731103301,0.18079470505409848,2
411,eco:b1896,3.38648954300928e-06,0.11171911171749056,0.000660059097816584,0.0007385137023373889,0.1352030562046291,2
412,eco:b4239,6.267135893314916e-05,0.12803601978011198,0.002195818399538588,0.0022122539342579847,0.16350085426398778,2
413,eco:b4240,4.935373633334843e-07,0.10646398993475636,2.2501367310348177e-05,1.932707617063873e-05,0.12234327629282611,2
414,eco:b3519,9.792232170669808e-05,0.13827605690776326,0.003702281571397945,0.004021367958035756,0.16952238312426218,2
415,eco:b3431,4.7036068863400606e-05,0.12634663306898133,0.002150103642800877,0.0019525857258946917,0.15806921541471877,2
416,eco:b3533,3.0959269659440993e-06,0.11043071211462752,0.0,0.0,0.13203601210550414,2
417,eco:b3430,4.614462825610199e-05,0.12628254651911122,0.002406316834388741,0.002405776582484963,0.15710582427791722,2
418,eco:b1897,5.582608908309722e-06,0.11969521176078257,0.0012343618553513317,0.0015422100555169834,0.14019735541858142,2
419,eco:b3416,3.413149925632554e-05,0.12532899091992336,0.0007910670840749128,0.0007314601830713884,0.1518896972771083,2
420,eco:b3429,2.7360435085645204e-06,0.1100402388784211,2.091297692043867e-06,2.091297692043867e-06,0.12839921056407835,2
421,eco:b3571,1.6219415184714606e-05,0.12386370172260086,0.000645457126114416,0.0008687578492205393,0.14749370389990102,2
422,eco:b3432,3.627484115863134e-06,0.1102107306163912,2.1679786074188082e-05,2.2220037977966086e-05,0.13003697549664098,2
423,eco:b1738,1.322383533989094e-28,0.0,0.0,0.0,0.0,2
424,eco:b2132,9.760592245828836e-05,0.13796954306590622,0.0008000016673232229,0.0009412298153975182,0.16800504208379974,2
425,eco:b3189,2.0330734222006713e-07,0.0979795515397197,0.00848021214123788,0.00848021214123788,0.11315654264990152,1
426,eco:b3972,1.1291089686411802e-08,0.08791173745142224,0.006068945902311301,0.006068945902311301,0.09875651306371092,1
427,eco:b2255,2.7732392730722964e-22,0.001445086705202312,0.0012150439590774866,0.0012150439590774866,0.001445086705202312,2
428,eco:b2254,2.7732392730722964e-22,0.0019267822736030826,4.182595384087734e-06,4.182595384087734e-06,0.002167630057803468,2
429,eco:b2253,2.7732392730722964e-22,0.001445086705202312,0.0,0.0,0.001445086705202312,2
430,eco:b0677,4.262871651953322e-05,0.12545529879688977,0.019260503194108672,0.019260503194108672,0.1511178896050115,2
431,eco:b3176,5.9009327611461875e-05,0.1257721851287839,0.02818050725741248,0.028203716057851182,0.15090112659923116,1
432,eco:b0678,0.0003200988978739865,0.1414579775354703,0.007659699756524815,0.008561110506958444,0.16685477937284332,2
433,eco:b3222,1.4606934464340963e-07,0.09698716028922,0.0012275917452297498,0.0012275917452297498,0.10799729117562122,2
434,eco:b3223,2.6499163933107915e-06,0.10948374690520128,0.0036555883656926792,0.0036555883656926792,0.12729250978252207,2
435,eco:b3338,1.71628233009269e-08,0.08711198056767941,1.0456488460219334e-06,1.0456488460219334e-06,0.09554230594776979,2
436,eco:b1107,3.094085685261198e-07,0.09706278380601471,0.001225500447537706,0.001225500447537706,0.10992407344922427,2
437,eco:b3786,2.027103195430481e-07,0.09794100726295349,0.0012087700660013548,0.0012087700660013553,0.11279527097360095,2
438,eco:b3730,3.2736814371644243e-06,0.1103083918752449,0.02586753201001197,0.025890740810450664,0.12926282190456823,1
439,eco:b0679,2.7888507811240685e-06,0.10950782514291962,0.0012213178521536183,0.0012213178521536183,0.1280150531351232,2
440,eco:b1119,2.805103310054966e-06,0.10953191397379136,0.004829852019775311,0.004829852019775311,0.12873759648772437,2
441,eco:b2428,2.642248244472841e-06,0.10945967925365037,0.0012275917452297498,0.0012275917452297498,0.1265699664299209,2
442,eco:b3787,1.322383533989094e-28,0.0,0.0,0.0,0.0,2
443,eco:b3225,8.09715928031512e-09,0.08731738165037892,0.0,0.0,0.09554230594776977,2
444,eco:b2256,2.7732392730722964e-22,0.002167630057803468,0.0,0.0,0.0026493256262042388,2
445,eco:b2429,1.456403342010448e-07,0.09726105855625232,0.0,0.0,0.10847898674402197,2
446,eco:b0271,1.1239480106294905e-05,0.12300693698736548,0.0,0.0,0.14110951727727505,2
447,eco:b3788,2.5432022322735536e-06,0.11008889695442307,0.0048559932409258585,0.0048559932409258585,0.12859188879143868,2
448,eco:b2038,1.4065824571759536e-07,0.09749991794103299,0.0024321792158470174,0.0024321792158470174,0.11019197751048089,2
449,eco:b3789,4.6134496775602855e-05,0.12634663306898133,0.007271442075236525,0.007271442075236525,0.15746709595421782,2
450,eco:b2040,7.802170102123595e-09,0.08746391725361945,0.0,0.0,0.09611250485611898,2
451,eco:b0918,4.954582241850971e-09,0.08778774346347946,0.00966779837319741,0.009644589572758724,0.09840222701578336,1
452,eco:b3198,8.923821011905682e-08,0.09730937676858618,0.011989766200673716,0.011959656117851285,0.109652656523183,1
453,eco:b1215,1.6154221326407453e-06,0.10943562218128693,0.014336829600454548,0.014299818235248373,0.1256380627523525,1
454,eco:b1054,1.587901827009438e-11,0.073107044622648,0.0024321792158470174,0.0024321792158470174,0.08108128249807209,2
455,eco:b3633,2.786866805177803e-10,0.07996339825354995,0.007506442208470074,0.007515648522258067,0.09050037571245287,1
456,eco:b1855,9.272549798963027e-13,0.06731540907460531,0.0,0.0,0.07300305086729779,2
457,eco:b0222,6.737665837405898e-05,0.13069083488841352,0.007271442075236525,0.007271442075236525,0.15724960310666747,2
458,eco:b3052,3.720200149624287e-06,0.11337251387177948,0.004860175836309946,0.004860175836309946,0.13067887133362344,2
459,eco:b0200,2.045816244006611e-07,0.1000265329298625,0.0,0.0,0.1109889687337726,2
460,eco:b3619,2.045816244006611e-07,0.1000265329298625,0.0,0.0,0.1109889687337726,2
461,eco:b0181,2.0330735174243408e-07,0.09811469574874,0.009566703019606848,0.009603714384813026,0.11351781432620213,1
462,eco:b3197,2.9322802254848912e-05,0.12501433113855273,0.016689539504003897,0.016652528138797723,0.15018327508658202,2
463,eco:b0096,1.1291243485534174e-08,0.08825453401716687,0.007213993116057499,0.007251004481263677,0.09998885089286955,1
464,eco:b0179,6.354500621732355e-10,0.08019521354885738,0.004875364057797404,0.004923041600403512,0.09088145737966181,1
465,eco:b0524,3.8417862787277783e-11,0.07349551009960967,0.0,0.0,0.081985420107412,1
466,eco:b0182,3.94220015086765e-11,0.0738005159218698,0.0005020024113660917,0.0005827827023965652,0.08376738092116474,1
467,eco:b0915,1.8135674152004498e-11,0.07356065606808324,0.0005609158381000561,0.0006311042655966657,0.08294993808782593,1
468,eco:b0087,1.7433818271686774e-20,0.002890173410404624,0.0012171352567695306,0.0012171352567695306,0.002890173410404624,1
469,eco:b0090,1.2327571121883652e-20,0.0019267822736030826,0.0,0.0,0.002167630057803468,1
470,eco:b3057,1.1312097422245798e-12,0.06858339846307045,0.0,0.0,0.07766214892103036,2
471,eco:b3018,5.2528994307949814e-05,0.11912250739829079,0.02396418025313067,0.02396418025313067,0.13660343809634054,1
472,eco:b1200,0.0026458531650949343,0.15213323584627422,8.591314559959695e-06,6.736343726485349e-06,0.17401102831016174,2
473,eco:b3926,0.0019142927968925588,0.15420628086864524,0.004409246339067834,0.007222741515044646,0.1829120221461265,2
474,eco:b3945,0.01806984385874096,0.1776425547359456,0.030553433308945013,0.036529055397560385,0.21967920887718556,2
475,eco:b4041,0.000949627130303076,0.13785495042216375,0.026440205043107883,0.026445719073790144,0.16190546167063552,1
476,eco:b4042,3.234548613052075e-06,0.10465155126625798,0.0,0.0,0.1174101715042301,2
477,eco:b1046,1.2149055929192963e-09,0.07665210605370312,0.0,0.0,0.08362266225321956,2
478,eco:b2560,2.0968062589085054e-08,0.08423821365671721,0.0048559932409258585,0.0048559932409258585,0.0937447999053217,2
479,eco:b3821,2.210439885266899e-08,0.08477019358395188,0.0006148415214608969,0.0006148415214608969,0.09567158217892473,2
480,eco:b3825,1.322383533989094e-28,0.0,0.0,0.0,0.0,2
481,eco:b3449,0.000570831835563854,0.1384298251111636,0.003438214416165495,0.0036700614247132082,0.16198803805378995,2
482,eco:b3918,3.2740545651996867e-06,0.10478368706331134,0.008419564508168609,0.008419564508168609,0.11957780156203357,2
483,eco:b1912,3.8050596446383326e-07,0.09343818369766475,0.007271442075236525,0.007271442075236525,0.10565084587397361,1
484,eco:b4160,2.083454082187695e-08,0.08415279380173322,0.000612750223768853,0.000612750223768853,0.09157716984751822,1
485,eco:b2836,2.3516037012225514e-09,0.07711597059767596,0.0,0.0,0.08471679933001561,2
486,eco:b3608,0.007418118121949687,0.16020980724737952,0.015500767675256396,0.014292180586326137,0.19340615630355537,1
487,eco:b2451,0.00112306264489025,0.13204245052369545,0.0012419340102479194,0.0014527361590173152,0.1516133533293943,2
488,eco:b3426,0.007388486686520538,0.15984978520862136,0.014308378342029875,0.012501364246963789,0.19176839137099272,2
489,eco:b1409,3.2740545651996867e-06,0.10478368706331134,0.008419564508168609,0.008419564508168609,0.11957780156203357,2
490,eco:b1249,1.2149055929192963e-09,0.07665210605370312,0.0,0.0,0.08362266225321956,2
491,eco:b2133,0.2350480916721182,0.20191892981543208,0.004866882840023571,0.004345301654015277,0.2621725777433867,2
492,eco:b2463,0.2054391434198717,0.1986959620609958,0.010024215783085716,0.0091306742361866,0.2541454651642511,2
493,eco:b3956,0.001434701128212025,0.14222567292912183,0.00048823122402976706,0.00046648262251120567,0.16307665921105266,2
494,eco:b3951,0.22633819276430628,0.2010222369498811,0.05204669002181876,0.050301896353407774,0.26582658269796966,2
495,eco:b0871,0.1443716166810451,0.18656128921875442,0.004157159981813782,0.004023303988730634,0.23714114241570872,2
496,eco:b1702,0.01220451219478086,0.16879053590673068,0.005666018971800122,0.006290563253159857,0.20039658077952874,2
497,eco:b1479,0.24357251884238118,0.20340362782878085,0.01097309122870527,0.010084676836376791,0.2658816336200726,2
498,eco:b2455,0.03001192465879595,0.16675555288843116,0.001971984276843781,0.00202865185737616,0.2056229776966772,2
499,eco:b1380,0.1994313980600217,0.19909319509190546,0.004093743872034049,0.004042836129918527,0.2537945155358448,2
500,eco:b1651,0.005927035475737678,0.15762332412942562,0.0002471297389313519,0.00019772767854699322,0.18737635999196742,2
501,eco:b1415,0.16592888757443774,0.20257611103533585,0.05307694649289528,0.05760122025126463,0.26192140791129204,2
502,eco:b0212,0.010919348506686015,0.1613519380832325,0.00011748321079984234,0.0001780391435160012,0.1865856806969526,2
503,eco:b3605,0.20656633561976157,0.20037508286714506,0.0022452393744541916,0.0022559279315266423,0.2558038741926023,2
504,eco:b0968,0.003749389234674711,0.14222567292912183,0.0,0.0,0.16586064064387798,2
505,eco:b4014,0.09685746552972782,0.18832529535735837,0.013463183257793528,0.015415121534349938,0.23925075005277296,2
506,eco:b1967,0.02848094394081114,0.17650906803433375,0.0031291499036730933,0.003078159929895778,0.21308738227090823,2
507,eco:b2458,0.05655515995190303,0.17140519136828072,0.0016331551113303294,0.0014162941398197383,0.21723470813066184,2
508,eco:b2311,7.05359006145357e-14,0.063703947189018,0.0,0.0,0.07419471236470915,2
509,eco:b4468,0.03133168664276611,0.17821477484783663,0.0028093362768159555,0.0028273841266720813,0.21650335454526193,2
510,eco:b4015,4.7983457104167104e-05,0.12177355855340072,0.0071175013829284026,0.008165067811489493,0.13878461775860676,2
511,eco:b0507,0.03413576847478371,0.17644652052617135,0.00035927509785932177,0.000376233295116737,0.2135667319193329,2
512,eco:b0508,0.015833295653993464,0.16709130232377703,1.869075344851474e-05,1.796637468529591e-05,0.1974135089380755,2
513,eco:b2799,0.012764931177363338,0.17105190000853848,0.0,0.0,0.20245233652025568,2
514,eco:b3125,0.01602616200761209,0.16742840649793392,0.0003106346546800472,0.00032824072313915954,0.19909944342747818,2
515,eco:b3062,0.015504983560466895,0.1709344596377808,0.0014433064566005001,0.0022415603399564203,0.20533787022226319,2
516,eco:b3894,3.6233308831301173e-26,0.004624277456647399,0.0,0.0,0.0050578034682080926,2
517,eco:b1232,1.322383533989094e-28,0.0,0.0,0.0,0.0,2
518,eco:b1732,0.0017154701095316016,0.14731718370557856,0.0,0.0,0.1667444629872381,2
519,eco:b1800,0.1969362238333221,0.19822136979492655,0.003919881856924546,0.004427395346061736,0.25214642855538777,2
520,eco:b3385,0.01279460345354601,0.16476905391292374,0.0,0.0,0.19397809159369866,2
521,eco:b1771,0.005653690471769697,0.15762332412942562,0.0,0.0,0.18737635999196742,2
522,eco:b3011,0.005653690471769697,0.15762332412942562,0.0,0.0,0.18737635999196742,2
523,eco:b0963,0.011717224442175076,0.16411736352170583,0.00486862828913568,0.004656034196169208,0.20003629960277383,2
524,eco:b0335,0.022232359997112868,0.1634171581637202,0.0008276761737732286,0.0011924072856622794,0.1973773817704455,2
525,eco:b3253,0.02314892131540521,0.16455124947946315,0.00046077410453775785,0.0005383405747927649,0.2005428097913649,2
526,eco:b2919,0.004304386960220978,0.14222567292912183,0.0,0.0,0.16586064064387798,2
527,eco:b0333,0.021403790717418405,0.16336354361051691,0.0011421406457166549,0.0011379186429429854,0.19665483841784434,2
528,eco:b2920,0.021485721324512545,0.16664393605249514,0.0001806834307709578,0.0002605989290696892,0.20315486135572852,2
529,eco:b0334,0.001174845469466593,0.1397175776855336,0.0,0.0,0.15990945871726267,2
530,eco:b0118,5.382829746189396e-05,0.11650259263567045,8.700545290935359e-05,9.097144960390821e-05,0.1315102327024298,2
531,eco:b0331,0.0009830148820565371,0.1350141217258285,0.0026962890271761144,0.0026564372831772423,0.16196048251684134,2
532,eco:b3115,0.008170393111465746,0.14242908493273898,0.0,0.0,0.16802827070168141,2
533,eco:b3882,0.00013897542226831626,0.1296698127408478,0.0,0.0,0.1546007581050939,2
534,eco:b1241,0.006754982078665203,0.14374482705682895,0.0,0.0,0.1694561018621716,2
535,eco:b0529,3.163402496413873e-05,0.1210629907427317,0.0026863819072999043,0.0023221915375510205,0.1356779901216321,1
536,eco:b1606,1.7935166234015208e-05,0.12165455189954935,0.0020348571901198337,0.002566254455127601,0.1390200398509651,2
537,eco:b2912,0.00028629820920036514,0.13560241855252056,0.0030828095367701684,0.0026839860382746107,0.1567335482436642,2
538,eco:b3288,1.322383533989094e-28,0.0,0.0,0.0,0.0,1
539,eco:b0048,1.7935166234015208e-05,0.12165455189954935,0.0,0.0,0.13902003985096512,1
540,eco:b3941,0.00027035724812959314,0.1330302113077359,0.0,0.0,0.15207832068381238,2
541,eco:b0356,1.322383533989094e-28,0.0,0.0,0.0,0.0,2
542,eco:b2154,1.322383533989094e-28,0.0,0.0,0.0,0.0,2
543,eco:b0420,0.21002199863902135,0.21143612778125498,0.1306658623778821,0.124776099765953,0.2698945643309805,1
544,eco:b0383,0.002566322873991364,0.15102580555803927,0.01313310732150084,0.014012280861689921,0.1835211954070338,2
545,eco:b3993,0.0014381075717424926,0.14572200202658928,0.00836893477107369,0.00831973932670441,0.17136067609333536,2
546,eco:b1106,0.0014299185229326192,0.14542408905515639,0.0,0.0,0.16928938514921207,2
547,eco:b0417,0.011055182118540416,0.1722948376902614,0.008368248306695848,0.00803321801572892,0.20909968323263117,1
548,eco:b3990,0.0007352699186109133,0.14597832920693507,0.0037065859330876797,0.004333942834974933,0.16732135077510854,2
549,eco:b2103,7.898886745700652e-05,0.12517146327924975,0.0036378246121329958,0.0036028173822994494,0.14152381818566848,2
550,eco:b4161,0.011055182118540416,0.1722948376902614,0.008368248306695848,0.00803321801572892,0.2090996832326312,1
551,eco:b3994,4.431065559012478e-06,0.11174418333143077,0.0016178743141818657,0.0016801313776957539,0.12594423680045105,2
552,eco:b0423,0.0019611924677407884,0.1566809568674813,0.0026686305413822584,0.0026827961969500998,0.17870135644702176,2
553,eco:b3992,0.0001074093448878043,0.1322880129981019,0.0,0.0,0.144879410088948,2
554,eco:b2530,0.023390228914094684,0.18159448611409756,0.004209684961726337,0.004193226273095023,0.22259068805311552,2
555,eco:b3991,0.012315408666153362,0.17211617038536312,0.006615896022818459,0.007359051752344217,0.2014773200466843,2
556,eco:b2104,7.874617447618003e-05,0.12438972793526243,0.0,0.0,0.13885556880499136,2
557,eco:b0415,5.1095079901872565e-06,0.12529745368013476,0.005902853388360249,0.006606248495427497,0.14352941192982888,1
558,eco:b1662,4.207869653270498e-06,0.12038976811529387,0.0008003278575373972,0.0008007056038412955,0.13625912521590056,1
559,eco:b1277,0.019322300411051117,0.1760721644005854,0.01687204308729912,0.017958965410708714,0.22110198327683836,1
560,eco:b0025,4.134869964651253e-06,0.11688546500583462,1.3941984613625779e-05,1.3941984613625777e-05,0.13108214901291287,1
561,eco:b3041,2.9504256477467313e-05,0.127838788427434,0.006399062048258122,0.007057582065267582,0.15321665387863145,1
562,eco:b0937,3.7115562001823815e-06,0.11683061495186661,0.003409499379515493,0.0038915564552782973,0.12963706230771055,2
563,eco:b0414,0.001061285574759793,0.14943940003747164,0.014749457685920196,0.01588256116074034,0.17399059274059314,1
564,eco:b3844,3.942116851011601e-06,0.11685803354256172,0.0,0.0,0.1303596056603117,2
565,eco:b3812,5.949883963107826e-05,0.13538120742927012,0.01630338998002531,0.017515455112428583,0.15546976907164817,2
566,eco:b4055,4.134869964651253e-06,0.11688546500583462,1.3941984613625779e-05,1.3941984613625777e-05,0.13108214901291287,2
567,eco:b2320,4.403196644081946e-06,0.11402154360541687,0.0031009761644405663,0.003260462467426697,0.1318779492306782,2
568,eco:b2927,6.741404494751625e-05,0.13093139125029069,0.009348709313594576,0.011269615692488112,0.15754894249560222,2
569,eco:b2418,5.619178683118747e-17,0.004335260115606936,2.091297692043867e-06,2.091297692043867e-06,0.004335260115606936,2
570,eco:b1406,4.387322139149749e-17,0.003251445086705202,0.0,0.0,0.0036127167630057803,2
571,eco:b1638,5.619178683118747e-17,0.004335260115606936,2.091297692043867e-06,2.091297692043867e-06,0.004335260115606936,2
572,eco:b2564,4.387322139149749e-17,0.003251445086705202,0.0,0.0,0.0036127167630057803,2
573,eco:b0052,7.420639098341412e-07,0.10671497662341524,5.8170064439455325e-05,0.0001017997243204909,0.11729315621380436,2
574,eco:b4390,0.0010301117801666294,0.13827605690776326,0.0019459816239430574,0.0019238093522255398,0.18072287378645796,2
575,eco:b3996,0.0006264161134950865,0.13630771446067766,0.00015212823728655165,0.0002064484268063733,0.17021158834742678,2
576,eco:b3962,0.0005439610916371091,0.13374485117508877,0.0008979910554199659,0.0008193073648600113,0.16516479065250766,2
577,eco:b1740,0.0005439610916371091,0.13374485117508877,0.0,0.0,0.16516479065250766,1
578,eco:b1768,0.00011017435311639794,0.11946547047141447,0.0,0.0,0.14480289500159488,2
579,eco:b1603,0.0005439610916371091,0.13374485117508877,0.0008979910554199659,0.0008193073648600113,0.16516479065250766,2
580,eco:b0639,0.0006264161134950865,0.13630771446067766,0.00015212823728655165,0.0002064484268063733,0.17021158834742678,1
581,eco:b0931,0.0005671963803803124,0.1367194071732168,0.0018353966534101266,0.001986664846553652,0.17141582726842874,2
582,eco:b0750,0.0003460218259893582,0.14324858484604588,0.003300259174492719,0.004045898899942001,0.1698814552499527,2
583,eco:b2700,0.0005132378286197662,0.13615862207406493,0.0,0.0,0.1673214149370222,2
584,eco:b0109,0.0005045162172745605,0.141137211146501,0.0034695060517724386,0.004258805287216607,0.17335433914191165,2
585,eco:b2615,0.0005439610916371091,0.13374485117508877,0.0008979910554199659,0.0008193073648600113,0.16516479065250766,1
586,eco:b3974,0.0004021210509529881,0.14675275005153418,0.004187943330787881,0.004876309547931371,0.17862650756436907,1
587,eco:b3634,0.00036970669307837293,0.1351240382428373,0.00018997631271854234,0.0003325453788362533,0.16239607775012438,1
588,eco:b3639,0.00039071433700160117,0.14014412635093035,0.004491034275447419,0.00472294916947155,0.16894682469104463,1
589,eco:b0103,0.00035040871011573306,0.13288819880567268,0.0017813826625146547,0.001785468641223474,0.1600725803579853,1
590,eco:b2563,3.8526397443183646e-05,0.11502242571606734,1.394198461362578e-06,1.3941984613625777e-06,0.13213066696894524,1
591,eco:b0404,0.0003525217411844437,0.13295916713614297,0.003074610578411204,0.003070524599702385,0.16103597149478685,2
592,eco:b0425,8.356313985161042e-05,0.1361213999247828,0.00033144945936118385,0.0003713081624743118,0.15762000924573227,2
593,eco:b0134,0.0009533935713163814,0.14696932730957954,0.0026800430324754325,0.002690819835500515,0.171158145002076,2
594,eco:b3475,1.932121253966316e-05,0.11496930984180453,4.182595384087734e-06,4.182595384087734e-06,0.13116727583214366,2
595,eco:b0776,6.502398146505531e-15,0.0076550538978284646,0.006273893076131602,0.006273893076131599,0.010043352601156068,2
596,eco:b0774,1.983930451051879e-15,0.00674373795761079,0.005035844842441632,0.005035844842441631,0.00871868978805395,2
597,eco:b3973,9.069692809246938e-17,0.004046242774566475,0.0,0.0,0.006510344985778511,1
598,eco:b3412,8.856755364553346e-15,0.0076550538978284646,7.180122076017277e-05,7.293400701002986e-05,0.010211946050096338,2
599,eco:b0777,8.753095363801887e-15,0.005149763531266421,3.3983587495712834e-05,3.375951988585099e-05,0.008563859069639416,2
600,eco:b1593,6.17373811296529e-16,0.005780346820809248,0.003789431417983488,0.0037894314179834857,0.008130333058078724,2
601,eco:b0775,2.2567260343281777e-16,0.004883396452062986,0.0025346528027571672,0.0025346528027571664,0.007997866776768512,2
602,eco:b3551,9.069692809246938e-17,0.004046242774566475,0.0,0.0,0.006510344985778511,2
603,eco:b0628,1.8367434997187732e-14,0.008188824662813102,1.5684732690329003e-05,1.5684732690329003e-05,0.012864712358932011,2
604,eco:b0630,1.8367434997187732e-14,0.008188824662813102,1.5684732690329003e-05,1.5684732690329003e-05,0.012864712358932011,2
605,eco:b4386,1.022441268958678e-14,0.006327728148537397,0.0,0.0,0.009165978530140381,2
606,eco:b0827,1.7592341697432507e-07,0.0965546016918471,0.004858084538617902,0.004858084538617902,0.10631709590609681,2
607,eco:b3857,9.638241786625672e-09,0.08670243442884476,0.001225500447537706,0.001225500447537706,0.09324265815232971,2
608,eco:b1096,1.322383533989094e-28,0.0,0.0,0.0,0.0,2
609,eco:b3177,9.267582115105557e-06,0.11788164794622527,0.0020147981801657377,0.002180810451932036,0.1355279093899042,2
610,eco:b2765,0.001265847165319927,0.14593554540587794,0.007271442075236525,0.007271442075236525,0.17299328000195088,2
611,eco:b0785,5.828732175307729e-05,0.12463881875465721,0.009678525718779016,0.009678525718779016,0.14042582938898002,2
612,eco:b0782,3.201711390802473e-06,0.10883761331690829,0.007271442075236525,0.007271442075236525,0.1205820678480918,2
613,eco:b1865,1.322383533989094e-28,0.0,0.0,0.0,0.0,2
614,eco:b2303,0.0012622374102746626,0.1458073443410997,0.0,0.0,0.17190946497304913,2
615,eco:b0142,8.309880873007594e-06,0.11378703860257211,0.0,0.0,0.12846954145725878,1
616,eco:b0781,0.019322296941986273,0.17526648395806246,0.014574104913342982,0.01456949425384424,0.22033189594605748,2
617,eco:b0783,0.0010612189354508423,0.14572200202658928,0.012077244171553331,0.012077244171553331,0.16977624174156,2
618,eco:b3058,0.0001424726557679579,0.13127658342337345,0.008676667715969375,0.009142226316956329,0.15427034830936617,1
619,eco:b2315,1.841651975482628e-05,0.12352569608654317,0.0009552176559834228,0.0011227868869836614,0.14269401119112143,1
620,eco:b2153,0.019219692666418958,0.1737982830453248,0.02534048429877289,0.02583401261340503,0.21736946820039293,1
621,eco:b2777,6.952568988070917e-05,0.12467002526911755,0.0048559932409258585,0.0048559932409258585,0.14122578810078848,2
622,eco:b0444,3.818920382218021e-06,0.1087662911587714,0.0024321792158470174,0.0024321792158470174,0.12023341200810661,2
623,eco:b2794,2.091653369534645e-07,0.09642371822712151,0.0,0.0,0.1042142653711853,2
624,eco:b3360,4.5532902872371624e-15,0.05952937659996046,0.0,0.0,0.07187604811026621,2
625,eco:b2877,5.282721075517764e-10,0.07868711771884568,0.0,0.0,0.08388411320639966,2
626,eco:b3368,1.3210635334529938e-11,0.07097093513752216,0.0,0.0,0.07683526552740672,2
627,eco:b3803,2.362186949690413e-10,0.07743889283434767,0.0024321792158470174,0.0024321792158470174,0.08631089063955241,2
628,eco:b1993,3.804577539925879e-19,0.00401412973667309,8.365190768175467e-06,8.365190768175467e-06,0.004816955684007707,2
629,eco:b1992,7.029920498621477e-19,0.005161023947151115,2.718686999657027e-05,2.718686999657027e-05,0.005780346820809248,2
630,eco:b0638,5.380427352254475e-19,0.00401412973667309,1.4639083844307069e-05,1.4639083844307069e-05,0.004816955684007708,2
631,eco:b1991,2.911844187777871e-19,0.0027790128946198313,0.0,0.0,0.0034922928709055874,2
632,eco:b2459,3.8045775121558255e-19,0.003284287966368891,0.0,0.0,0.0038535645472061657,2
633,eco:b0428,5.588476491070638e-15,0.0568675286574755,0.0,0.0,0.061151402444385765,2
634,eco:b0475,9.345429203460685e-14,0.06094639913400924,0.0024321792158470174,0.0024321792158470174,0.06694378166230343,1
635,eco:b0154,2.3704057589534943e-05,0.12004148527600181,0.026293885882067537,0.026293885882067537,0.1350058780333353,1
636,eco:b1210,0.00043074961969196475,0.13893194222233693,0.028634047999464625,0.028634047999464625,0.16147418333112015,1
637,eco:b2400,0.007833528147101544,0.16476905391292374,0.03146472306588617,0.03145147080100336,0.2076345780103005,1
638,eco:b1270,1.322383533989094e-28,0.0,0.0,0.0,0.0,2
639,eco:b3850,1.610215762293829e-12,0.06563829171168672,0.0048559932409258585,0.0048559932409258585,0.0732270980650856,1
640,eco:b2436,1.4152910514176372e-11,0.07108238128834483,0.003629447144542131,0.003629447144542131,0.0795568454888711,2
641,eco:b3867,1.4152910514176374e-11,0.07108238128834483,0.003629447144542131,0.003629447144542131,0.0795568454888711,2
642,eco:b0369,1.3060114121132385e-06,0.10562835827850138,0.023945358573902276,0.023945358573902276,0.11714239718213736,1
643,eco:b3805,7.209641486199326e-08,0.09426961017130926,0.021588466074968837,0.021588466074968837,0.10425977020353994,1
644,eco:b3804,4.006181078566054e-09,0.08508750528449342,0.019223208385267223,0.019223208385267223,0.09509652492375281,1
645,eco:b3997,2.3702887374589577e-10,0.07748709631572603,0.012077244171553331,0.012077244171553331,0.08746696000371429,2
646,eco:b3187,2.0789800264620614e-11,0.07418535174684975,0.03189351884793471,0.03190278011043923,0.08701503131734152,1
647,eco:b0421,3.566749094210175e-10,0.08068904244447504,0.03299360581941002,0.03298857319612984,0.09188243477791067,1
648,eco:b2889,3.5452330438961223e-10,0.08037644566987176,0.0,0.0,0.08861378627804825,2
649,eco:b2515,1.1105569958633981e-07,0.0976337413578148,0.036663392959529084,0.036649348272931884,0.1061908914265687,1
650,eco:b0029,6.1191050797755975e-09,0.08837985106937442,0.03478037938449452,0.03475822262497815,0.09794362254175037,1
651,eco:b0173,0.012210217249857616,0.17070006202429053,0.04550331743691677,0.045494056174412247,0.19851259851259861,1
652,eco:b2747,0.0006705523205449643,0.14308393130024585,0.04325991269273823,0.04325218504854122,0.15937629326357705,1
653,eco:b1208,3.682470831851241e-05,0.12361769635671685,0.04103602672701878,0.041030181250744605,0.13490847423289673,1
654,eco:b2746,2.0222813139146253e-06,0.10900439599931161,0.038830404761143196,0.03882595348333037,0.11811739218977432,1
655,eco:b0174,2.0663477127127027e-11,0.073942987960329,0.0012213178521536183,0.0012213178521536183,0.08325780588381548,1
656,eco:b0340,1.322383533989094e-28,0.0,0.0,0.0,0.0,2
657,eco:b0339,2.9092437747760067e-27,0.001445086705202312,2.091297692043867e-06,2.091297692043867e-06,0.001445086705202312,2
658,eco:b1468,8.279268883917578e-21,0.002890173410404624,3.1369465380658005e-06,3.1369465380658005e-06,0.002890173410404624,2
659,eco:b3366,4.7178609900568646e-21,0.0019267822736030826,0.00241754013200271,0.00241754013200271,0.002167630057803468,2
660,eco:b4070,3.4024483630398453e-06,0.10671295553256475,0.0,0.0,0.11943186870932572,2
661,eco:b2206,6.249835173312144e-21,0.0019267822736030826,0.0012108613636933989,0.0012108613636933989,0.002167630057803468,2
662,eco:b0873,3.402448363039834e-06,0.10659911623713852,0.0,0.0,0.11738466254362243,2
663,eco:b3425,1.7160669307278807e-06,0.11995236126828804,0.0002236499294061215,0.00028058244034921866,0.13496742499632716,2
664,eco:b1670,1.437243026386915e-06,0.11427224052026995,0.0,0.0,0.12662463580093683,2
665,eco:b2764,2.4451923856818138e-05,0.131719057880857,0.004555362857478088,0.004133449888324703,0.15172606776653066,2
666,eco:b2762,1.651231655947551e-06,0.12000863729984718,0.0037718538222592094,0.0037918712652908696,0.13593081613312874,2
667,eco:b4214,9.674420220834324e-08,0.1053969552553046,0.0006252980099211162,0.0006252980099211162,0.11641394090816096,2
668,eco:b0893,3.852956337001484e-08,0.09497083366867357,0.0012275917452297498,0.0012275917452297498,0.10224264521143765,1
669,eco:b0194,0.00038579467487913854,0.1371856281722867,0.0,0.0,0.15814709535807844,1
670,eco:b1637,1.322383533989094e-28,0.0,0.0,0.0,0.0,1
671,eco:b4129,2.371033676442445e-25,0.0033030553261767133,0.0,0.0,0.004094412331406551,2
672,eco:b0680,0.00044688211869791305,0.13770245600797995,0.00018544503060104333,0.00017110030906060367,0.15981582643432396,1
673,eco:b2697,1.322383533989094e-28,0.0,0.0,0.0,0.0,1
674,eco:b1866,0.001114835749091317,0.14357185569065178,0.0,0.0,0.17588037364048958,1
675,eco:b0930,1.322383533989094e-28,0.0,0.0,0.0,0.0,1
676,eco:b0026,1.322383533989094e-28,0.0,0.0,0.0,0.0,1
677,eco:b4258,0.0008995538063963811,0.14630455572575937,0.0,0.0,0.16753510619117595,1
678,eco:b0642,1.322383533989094e-28,0.0,0.0,0.0,0.0,1
679,eco:b0526,0.001281011056138257,0.14966398585057275,0.0,0.0,0.1704659943460527,1
680,eco:b1876,1.322383533989094e-28,0.0,0.0,0.0,0.0,1
681,eco:b3384,1.322383533989094e-28,0.0,0.0,0.0,0.0,1
682,eco:b2514,1.322383533989094e-28,0.0,0.0,0.0,0.0,1
683,eco:b1714,6.430056801464052e-05,0.12561354211020573,0.0009624368632001257,0.0008114771197580284,0.14233310844582564,1
684,eco:b1719,1.322383533989094e-28,0.0,0.0,0.0,0.0,1
685,eco:b3560,0.009282486588646704,0.15454069217552371,0.0,0.0,0.18580742475251194,1
686,eco:b0595,5.92959568599644e-16,0.05544900678450507,0.0024321792158470174,0.0024321792158470174,0.06533201499354918,2
687,eco:b0596,1.3162383415201642e-16,0.05205227691039677,0.0,0.0,0.05859119831469529,2
