,ec,eigenvector_centrality,closeness_centrality,betweenness_centrality,load_centrality,harmonic_centrality,clustering_coefficient,class
0,eco:b2388,6.222051071017055e-05,0.12607434853050795,0.001524021213680377,0.0016371887945936293,0.15849561362346995,0.5054945054945055,2
1,eco:b3885,1.8634630086803955e-05,0.11637171458184178,0.0005448196004014269,0.0006049983098600877,0.14309269242140674,0.5277777777777778,2
2,eco:b3879,3.282711291996861e-05,0.12070089144852277,0.002898932140592492,0.003017386297299218,0.145710016316654,0.3333333333333333,2
3,eco:b3721,3.524525807964064e-05,0.11737539971000333,0.0026174172736930282,0.0025796584000768934,0.1468791580413869,0.4696969696969697,2
4,eco:b4025,0.0002689649961870627,0.1322334462589889,0.0055863573874454855,0.0051916367449757654,0.1684878883056247,0.4411764705882353,2
5,eco:b1780,2.4611441292904158e-05,0.1170109668950451,0.0,0.0,0.1420732095466464,1.0,2
6,eco:b2417,5.9840775334529106e-05,0.12587998930872402,0.0008469295087730867,0.0009395544258678788,0.15686340470072796,0.6666666666666666,2
7,eco:b0688,0.0001759825773943785,0.13489122202355558,0.02818449997585537,0.02693089936884955,0.17204995011034152,0.28654970760233917,2
8,eco:b4232,0.0012066177935951268,0.1439685331735392,0.009110459721314341,0.008296579893913062,0.17714453361896204,0.7272727272727273,2
9,eco:b3916,0.002041532762943197,0.14418037621823246,0.022262275404610583,0.01822106314458743,0.17913945563564682,0.47619047619047616,2
10,eco:b2925,0.02324030133308498,0.1628739755284421,0.03841942526433304,0.03330818994472487,0.20184133059541112,0.34558823529411764,1
11,eco:b3919,0.023029340958534022,0.15768423507871063,0.006533432750561933,0.005706131229958545,0.19215127757021108,0.5384615384615384,2
12,eco:b1779,0.021099890355899775,0.15548236064409834,0.0018902466469063717,0.0018997597189860083,0.18592038477783845,0.75,1
13,eco:b2926,0.000939287836697901,0.1299190979553312,0.0005907610564656195,0.0006447326244107144,0.1487160705332633,0.5,1
14,eco:b0755,0.0008964289368469261,0.13411577289612753,0.0004926807612845483,0.000504985299820642,0.15500784730926184,0.6,2
15,eco:b2779,0.017740363901801955,0.1591181936958603,0.004256237826365272,0.004186513420585689,0.19150789362976503,0.39285714285714285,1
16,eco:b0114,0.17802530720804538,0.17591559008601576,0.013391351864030804,0.014398495628755153,0.22770049742302179,0.6137566137566137,2
17,eco:b0115,0.04381136693798072,0.15093189106270913,0.0011565494974688847,0.0013815710343989447,0.19002304671510317,0.6833333333333333,2
18,eco:b0116,0.009776977279598139,0.15130479258479118,0.00012991999875292193,0.00017501853972148496,0.17933498311626697,0.6666666666666666,2
19,eco:b1854,0.2051941015064807,0.1883602146826428,0.10678224073140569,0.1047661060688505,0.25086055281920355,0.3657505285412262,2
20,eco:b2715,1.4456791315688773e-06,0.10114056944458173,0.0,0.0,0.11672619529865265,0.0,2
21,eco:b3403,0.013378606265005947,0.16709581118334033,0.014239104727946568,0.017372789068029235,0.19993131641662643,0.5277777777777778,2
22,eco:b4069,0.04777602490346453,0.14895862523245784,0.0016938384707194938,0.001533489601168521,0.19070054295843175,0.45454545454545453,2
23,eco:b4395,0.0008964289368469261,0.13411577289612753,0.0004926807612845483,0.000504985299820642,0.15500784730926184,0.6,2
24,eco:b3588,0.013358091714268041,0.14392623924487483,0.0010830542324417754,0.001916516052182588,0.17385342260206232,0.4444444444444444,2
25,eco:b3589,0.003767505347185495,0.12656288255994674,1.481671135386811e-07,1.481671135386811e-07,0.1482463099710111,0.9,2
26,eco:b2453,0.003767505347185495,0.12656288255994674,1.481671135386811e-07,1.481671135386811e-07,0.14824630997101107,0.9,2
27,eco:b0720,0.003633425660387159,0.14242003441556797,0.00016778401309165217,0.00017167100387085882,0.16782367070723966,0.6666666666666666,2
28,eco:b1276,0.0008182242135535661,0.14118873728805587,0.00029180539919435147,0.0004053768245455152,0.16331817740958088,0.0,2
29,eco:b1136,0.0018526678609241034,0.14354670916775678,0.0006497058895371839,0.0006742610849603219,0.1719777441757853,0.6,2
30,eco:b3236,0.02419888826807579,0.16473601828835033,0.006477699805234279,0.008027405652023673,0.20110721704845705,0.45454545454545453,2
31,eco:b4122,0.02125945077881139,0.15343718082980076,0.004142512032682672,0.003802099750956837,0.1869799859190498,0.4444444444444444,2
32,eco:b2210,0.023211782728654852,0.15844919740929944,0.001823875500699764,0.0015907722061261572,0.19181349118781071,0.5272727272727272,2
33,eco:b4154,0.002067257725474418,0.13902523223313107,0.0004341938761431319,0.0004045250459117357,0.16678165565543135,0.7222222222222222,2
34,eco:b0724,0.002067257725474418,0.13902523223313107,0.0004341938761431319,0.0004045250459117357,0.16678165565543138,0.7222222222222222,2
35,eco:b0729,0.005313307757731122,0.14062138874556657,0.002777413305424149,0.002871185446350753,0.17181877486556454,0.45454545454545453,2
36,eco:b0726,0.011117956497866805,0.1633627603833124,0.0191057869442754,0.020444762797566827,0.2016587450755022,0.3090909090909091,2
37,eco:b0727,0.006883725251714303,0.141801712992635,0.0022172191563889416,0.00306778772287987,0.17169210006533153,0.4642857142857143,2
38,eco:b4094,2.6642043087337544e-06,0.11398904569324195,0.006324957742739219,0.006324957742739219,0.13084788246168938,0.5,2
39,eco:b1207,0.00015286006891681794,0.13711864494529916,0.02106810985028954,0.022244724342156515,0.16755450600662775,0.5111111111111111,1
40,eco:b2935,0.0010933122800681158,0.15088540757300706,0.055900712038634066,0.060706923720090684,0.19199202139898514,0.2717391304347826,2
41,eco:b4381,0.021139742974112988,0.15901490372916388,0.01601166394174959,0.01228347627176961,0.19082651117471566,0.6111111111111112,2
42,eco:b3526,0.008461314530787111,0.14730153890245157,0.014124474599415392,0.014124474599415392,0.17412706686373705,0.5,2
43,eco:b4268,0.001389354842795517,0.13758071283054024,0.005310560647165778,0.005504518265384807,0.1598141098413132,0.0,2
44,eco:b3553,0.02551507163572966,0.15974076243545937,0.012857214484418494,0.014461832943932896,0.20028770950968983,0.28104575163398693,2
45,eco:b0124,4.141646495914145e-05,0.12037467282298622,0.00015676890074035692,0.0001892112089006453,0.14552865976968268,0.9166666666666666,2
46,eco:b2464,0.0007698529381453663,0.14246144762708748,0.0020829224382326963,0.002143254230721426,0.1666487393636467,0.6666666666666666,2
47,eco:b2029,8.205243902486442e-05,0.1267265696817263,0.005449791499616123,0.005811782800353385,0.1500129162942004,0.47619047619047616,2
48,eco:b1851,0.008486227239473685,0.14927633101448928,0.0034393695717021247,0.003389096636690356,0.1752177576987151,0.0,2
49,eco:b0767,0.00035040936929906435,0.13353091261639516,0.001627770287260013,0.0017372983219936917,0.15241095502248933,0.0,2
50,eco:b1852,2.7814102164956106e-05,0.12187187024615768,0.00031107558935437906,0.0003326963182269104,0.14316109322910217,0.3333333333333333,2
51,eco:b1850,0.20644191922606694,0.18321799491007998,0.06005000111124829,0.053980673623517744,0.2397222382260468,0.45803698435277385,2
52,eco:b3386,6.074462463105451e-05,0.12875819142958053,0.003460507579830859,0.004034828820751532,0.15482141634209104,0.5357142857142857,2
53,eco:b4090,0.00016805628653698528,0.13404238533229929,0.014526616129864754,0.013924885534756338,0.16627849390362967,0.3516483516483517,2
54,eco:b3752,0.000978278166081487,0.14477686713639298,0.007165434710638099,0.005361055806038255,0.1741728770564458,0.75,2
55,eco:b4383,0.000978278166081487,0.14477686713639298,0.007165434710638099,0.005361055806038255,0.17417287705644574,0.75,2
56,eco:b2842,0.00037620685143264246,0.12288059151982791,0.0015883514571346615,0.0015883514571346615,0.1394182501092192,0.5,2
57,eco:b3091,0.0003762089066343175,0.1229422630839533,0.003155366849919753,0.003155366849919753,0.1396902849296762,0.5,2
58,eco:b3092,1.2854792066042104e-06,0.09224720737894065,0.0015942781416762087,0.0015942781416762087,0.10166705844952684,0.16666666666666666,2
59,eco:b1521,1.5387707100660227e-05,0.1054055332163412,0.0015824247725931143,0.0015824247725931143,0.11657611974532577,0.0,2
60,eco:b2843,1.533522693092669e-05,0.1052018291581606,0.0,0.0,0.11498018213197794,0.0,2
61,eco:b4323,1.5415499310119632e-05,0.10542821570681168,0.0031612935344613002,0.0031612935344613002,0.1171201893862398,0.3333333333333333,2
62,eco:b4322,0.00037620999501239205,0.1229731220857314,0.004733050274879629,0.004733050274879629,0.13987164147664755,0.5,2
63,eco:b1617,5.239641410261384e-08,0.08191354596046713,0.0,0.0,0.08786076741255046,0.0,2
64,eco:b2042,1.3696792574675306e-05,0.11651008760750388,0.01306388892015712,0.012911386436395644,0.14405388212035483,0.4666666666666667,2
65,eco:b2028,7.195089000048988e-07,0.10093220403575481,0.006324957742739219,0.006324957742739219,0.1197181465223775,0.6,2
66,eco:b3580,2.005338042184921e-05,0.11428152983194631,0.0057948106438844744,0.00581558446078524,0.1296629845188065,0.2,2
67,eco:b3575,8.174418549487027e-07,0.09883496437150573,0.0,0.0,0.10788403395377107,0.0,2
68,eco:b4196,9.977416354457421e-07,0.10260207714964478,0.0003647493191636323,0.00038840197882777553,0.11512954204258713,0.6666666666666666,2
69,eco:b0062,6.554227740201126e-07,0.10105712012985847,0.0,0.0,0.11389523952972094,0.0,2
70,eco:b0063,1.6036857416403604e-05,0.11726302498553229,0.002682393993487474,0.0027747643823489883,0.1403548517347087,0.42857142857142855,2
71,eco:b4198,4.998462382469553e-05,0.1268906807535752,0.002740249537210599,0.002750220858089831,0.15064028433179696,0.5,2
72,eco:b4197,3.5537219404000667e-06,0.11099341150646894,0.002169102219004503,0.002270983897775093,0.1287479662975729,0.3333333333333333,2
73,eco:b1580,6.807606836043017e-07,0.0921951295426334,0.0,0.0,0.10039756262072742,1.0,2
74,eco:b3904,0.000485720250017397,0.12869054856568266,0.0077284714353472745,0.0077194791881169,0.14732092052549098,0.0,2
75,eco:b3902,0.011875891033528551,0.15391923292163173,0.011329267492535528,0.010950615027080583,0.1866540544451316,0.5151515151515151,2
76,eco:b3564,5.185515377429465e-05,0.12718715430673777,0.0006303009226483314,0.0006757501252537366,0.15132943921028807,0.5,2
77,eco:b3565,6.730160036862853e-05,0.1240316249087478,0.0025045291212529453,0.0026023371477537707,0.15157902036302473,0.2777777777777778,2
78,eco:b4297,0.007953187675480953,0.13973899554750538,0.0,0.0,0.1620522930098554,0.0,2
79,eco:b4298,0.19510531481867516,0.1727520868792503,0.0016593278459633893,0.0016363573477451347,0.22203310533016724,0.8738461538461538,2
80,eco:b2168,0.0011212047645909778,0.13847510412367264,4.741347633237795e-06,4.7413476332377945e-06,0.16282125261994693,0.6666666666666666,2
81,eco:b2705,0.0002543038214775972,0.13092595360490483,0.0019275964666887288,0.0018177646932810928,0.16178805929894066,0.696969696969697,2
82,eco:b2704,3.5241097141946685e-05,0.12159963226347825,0.0002929111282275168,0.00045680484864163337,0.14360498496787957,0.3333333333333333,2
83,eco:b4085,0.0002590465121133777,0.13173565969065712,0.0009913232629179785,0.0010318419719119304,0.1626356852553805,0.8363636363636363,2
84,eco:b4465,1.181954770199264e-05,0.11234233395770554,0.0,0.0,0.1300355977810695,1.0,2
85,eco:b4084,6.858286726513553e-06,0.11327743777793153,0.0,0.0,0.12971168037336545,0.0,2
86,eco:b1819,3.5241959578338464e-05,0.12178098891114934,0.0009515377283749741,0.0015350285549856283,0.14411278329939928,0.3333333333333333,2
87,eco:b1613,0.0002543046504086297,0.13103100251124736,0.0059949081199710446,0.005465479240366869,0.16211450108348904,0.696969696969697,2
88,eco:b2048,1.183952914129343e-05,0.11257465955642322,0.004750830328504271,0.004750830328504271,0.1313595005739603,0.3333333333333333,2
89,eco:b2049,4.849800878199098e-07,0.09763350306687003,0.003171961566636085,0.003171961566636085,0.10981965123215218,0.0,2
90,eco:b2053,1.9944863446942424e-08,0.08616336939668552,0.0015883514571346615,0.0015883514571346615,0.09485100639551612,0.0,2
91,eco:b3600,0.00025286290241253876,0.13075124590060153,0.0015883514571346615,0.0015883514571346615,0.16079059829059822,0.8181818181818182,2
92,eco:b2052,8.258605379330952e-10,0.07708069829917462,0.0,0.0,0.0830955861062035,0.0,2
93,eco:b0394,0.0003025434145540303,0.1319840836178755,0.002198208809825822,0.002399883890997344,0.16622093146848296,0.5604395604395604,2
94,eco:b2803,0.00048490013561735965,0.12695644425746408,0.0015883514571346615,0.0015883514571346615,0.14381995407566717,0.0,2
95,eco:b2802,1.976561791326479e-05,0.10817507582017086,0.0,0.0,0.11822552221083285,0.0,2
96,eco:b2245,0.00902308059388547,0.14923086152590737,0.0015883514571346615,0.0015883514571346615,0.1768176207784476,0.6666666666666666,2
97,eco:b2800,0.011875858911491653,0.15353334954232337,0.005374160036249791,0.005027236404151186,0.1859648995666405,0.5151515151515151,2
98,eco:b2247,0.00036780845726438257,0.12393749516558408,0.0,0.0,0.13847087805194505,0.0,2
99,eco:b3903,1.9799049519865657e-05,0.10943152074816928,0.0,0.0,0.12022353326760345,0.0,2
100,eco:b2169,0.0010161102913402787,0.14001855341227604,0.007717117249828931,0.00765790431053897,0.16852362061828866,0.4666666666666667,2
101,eco:b3599,1.0322025769047407e-05,0.1109180254447711,0.0,0.0,0.1266373215318683,0.0,2
102,eco:b0757,1.3442531881008035e-06,0.10388569092229727,0.0011005232993986324,0.0011986572611688182,0.1190577562537175,0.0,2
103,eco:b2091,8.69227630072535e-05,0.12055239133601228,0.0015883514571346615,0.0015883514571346615,0.13928045567055394,0.3333333333333333,2
104,eco:b0344,2.69553552348076e-05,0.11653780171016982,0.0,0.0,0.13509465235526202,1.0,2
105,eco:b3077,3.0328058903529178e-05,0.12034510400136425,0.00019107032644498267,0.00023120555093734013,0.14320729596844953,0.6,2
106,eco:b0759,7.231115714639207e-07,0.10091141470433654,0.0020874403154996332,0.0019902941344863687,0.11999018134283453,0.4666666666666667,2
107,eco:b4119,0.0005978564108906713,0.13816269554132934,0.024182066947798512,0.026316993468037526,0.17166713409912532,0.2571428571428571,2
108,eco:b0758,8.647554601750999e-08,0.0937655346200103,0.0001551829865677993,0.0002647829535545237,0.10702830341904163,0.3333333333333333,2
109,eco:b0403,9.970445894370448e-05,0.1246945580019226,0.002215340379228145,0.002193567484752472,0.15679345288975322,0.45054945054945056,2
110,eco:b4565,3.5446612798501326e-06,0.10349068829521628,0.0,0.0,0.1145233715234678,0.0,2
111,eco:b2036,3.3615967351071116e-08,0.08873843839694871,0.0,0.0,0.10068709087686707,1.0,2
112,eco:b3137,0.021143074347970324,0.15850045887724162,0.009084603518890273,0.007838002130532526,0.1904534348495174,0.7857142857142857,2
113,eco:b4477,0.02109683982249678,0.1552852356226795,0.003171961566636085,0.003171961566636085,0.18541258644631864,0.75,2
114,eco:b3140,3.5446612798501326e-06,0.10349068829521628,0.0,0.0,0.1145233715234678,0.0,2
115,eco:b3141,8.69227630072535e-05,0.12055239133601228,0.0015883514571346615,0.0015883514571346615,0.13928045567055394,0.3333333333333333,2
116,eco:b3693,0.0008614046934669215,0.12815195354160447,0.0015883514571346615,0.0015883514571346615,0.14420720133451392,0.0,2
117,eco:b4478,3.511307354581632e-05,0.10904182470277184,0.0,0.0,0.11867509379750993,0.0,2
118,eco:b2787,0.00837808815068319,0.13997854811130112,0.0,0.0,0.16341246711214052,1.0,2
119,eco:b3126,0.19715084966381546,0.17305719476847542,0.005848748610910949,0.0058241891515328935,0.2243907404407947,0.664367816091954,2
120,eco:b4195,3.504381877774134e-08,0.08711325006926633,0.0,0.0,0.09368043438564505,0.0,2
121,eco:b4192,8.595793801089288e-07,0.09889481598497252,0.0015883514571346615,0.0015883514571346615,0.10915352978257051,0.3333333333333333,2
122,eco:b3128,0.00837808815068319,0.13997854811130112,0.0,0.0,0.16341246711214052,1.0,2
123,eco:b1095,0.00012666420900427652,0.10704062014191694,0.00288564625866467,0.0028556361767012725,0.12438915666608853,0.47619047619047616,2
124,eco:b2323,0.00012666420900427652,0.10704062014191694,0.00288564625866467,0.0028556361767012725,0.12438915666608853,0.47619047619047616,1
125,eco:b1093,0.0014371272837000457,0.12488527106539737,0.01888769452084208,0.018823074120818906,0.14762844156206528,0.2,1
126,eco:b1288,1.6450007683140203e-05,0.0937655346200103,0.00012821394224880536,0.0001289737736002858,0.10802597579865106,0.38095238095238093,1
127,eco:b1091,0.03487625295064526,0.14904926023412043,0.02036666337030106,0.020298419660204632,0.1861951281701008,0.8333333333333334,2
128,eco:b0180,6.202170283138082e-05,0.10713424849979311,0.011206175131157533,0.011233893778859538,0.12329842657644655,0.4,1
129,eco:b0954,6.178752562567593e-05,0.10697050619859255,0.0002587985583142292,0.00029100021098996966,0.12181130289128156,0.6666666666666666,1
130,eco:b1092,0.0014348817986706984,0.12437799400597965,0.005950334835098747,0.006018578545195285,0.14587964628769876,0.5,1
131,eco:b3256,0.034876161385176935,0.14832725352393397,0.007472963594013744,0.007536824162685606,0.1853293665589638,0.8333333333333334,1
132,eco:b1805,0.00015090144062515214,0.10680726365588705,0.0,0.0,0.11988287827515286,0.0,2
133,eco:b3846,0.0058619395808807255,0.12539670294076116,3.377491802676893e-05,4.18769651898159e-05,0.1503220180858921,0.5357142857142857,2
134,eco:b2844,0.03704259418940105,0.1486873803913669,0.0036993518891833108,0.003648871331212039,0.1878895164803759,0.5882352941176471,2
135,eco:b3845,0.038394972091544084,0.15046834102873277,0.005870333747378655,0.005767210176583259,0.19283666400097285,0.4458874458874459,2
136,eco:b0221,0.0037013956546293647,0.12507656839151235,0.0015935058767207948,0.001593645961991777,0.14874421612724142,0.47619047619047616,2
137,eco:b2261,3.8038925110177126e-09,0.08128835546533165,0.0015353530150090775,0.0015267139379025701,0.08912062471158075,0.0,2
138,eco:b2260,1.6403987033854067e-10,0.07378387325143883,7.862734825119344e-05,7.941757285673307e-05,0.08089285196514971,0.0,2
139,eco:b4039,5.288000000817028e-05,0.12108870943884179,0.028517812322254036,0.02829172272553283,0.14330203709964331,0.38095238095238093,2
140,eco:b2265,5.2879826101875376e-05,0.12046346653296136,0.013426114728165269,0.013356078679253315,0.14217032514094566,0.38095238095238093,2
141,eco:b3930,9.699191017134983e-08,0.0926834881554207,0.009558868564821328,0.00957199064690157,0.10653020507481913,0.16666666666666666,2
142,eco:b3833,4.003408324784133e-09,0.0823818594904244,0.004784278104596439,0.004787970884964634,0.09329498076297701,0.0,2
143,eco:b2907,1.7238401840709664e-10,0.0740963276451231,2.5613914858404816e-05,2.7460305042502225e-05,0.08202368584497546,0.0,2
144,eco:b2264,2.256569092519488e-06,0.10364394296373045,0.004614463190494256,0.004605033888782209,0.1175877290403953,0.3333333333333333,2
145,eco:b2263,9.251077278925968e-08,0.0909120279067645,0.003049818471525783,0.003040389169813736,0.10070589699262203,0.0,2
146,eco:b3843,9.283506632001474e-08,0.09203924824150927,0.0031112510416528,0.0031075582612846058,0.10324668228639969,0.0,2
147,eco:b4040,2.264413920080152e-06,0.10515666846738654,0.02161753893345293,0.02149026081500385,0.1222567180129751,0.2,1
148,eco:b2232,1.718458411872638e-10,0.07376165588520835,1.5409379808022836e-05,1.5409379808022836e-05,0.08163123219210441,0.0,2
149,eco:b4211,1.6522595901588637e-10,0.07404033827860872,0.0,0.0,0.08093554656314737,0.0,2
150,eco:b2262,1.7145701967888356e-10,0.07414118014369762,0.00013636713801001496,0.0001457964397220622,0.08178533152609878,0.0,2
151,eco:b0662,1.7238401840709664e-10,0.0740963276451231,2.5613914858404816e-05,2.7460305042502225e-05,0.08202368584497542,0.0,2
152,eco:b3738,6.641803599604241e-27,0.0,0.0,0.0,0.0,0.0,2
153,eco:b4226,6.641803599604241e-27,0.0,0.0,0.0,0.0,0.0,1
154,eco:b2501,6.641803599604241e-27,0.0,0.0,0.0,0.0,0.0,2
155,eco:b3957,1.3967071303029055e-06,0.10124507509600204,0.002902799191786375,0.003402214904322095,0.11849396522954771,0.3333333333333333,2
156,eco:b3172,1.26385434527833e-06,0.10010725753771023,0.0024391828039765995,0.0024645397505583073,0.11489576497737579,0.3333333333333333,2
157,eco:b4254,2.928259038624547e-05,0.11533072466797409,0.008524217444638684,0.008990742820711916,0.13686599641441902,0.3333333333333333,2
158,eco:b2290,0.19587872104415857,0.17367065522493932,0.018092211476146747,0.018093364523131587,0.22413554587112788,0.7592592592592593,2
159,eco:b3870,0.0032014777152001043,0.14350466268000991,0.002299360622491269,0.00207752320942613,0.17863730997572108,0.7692307692307693,2
160,eco:b2874,0.0002080850603414669,0.12242001958759467,0.010699011587209003,0.010867269604364255,0.14670807369392794,0.14285714285714285,2
161,eco:b3960,5.667813350860468e-08,0.08901252150972999,0.0010746407858968688,0.001157255500954811,0.10175526927431192,0.5,2
162,eco:b0928,0.02518707706316109,0.16824344724915996,0.09199792569622027,0.08695825207322046,0.2197188345447319,0.24431818181818182,2
163,eco:b3359,2.7812797065804387e-07,0.0950756682300706,0.009287742983474175,0.00924602090012709,0.10931372158249235,0.0,2
164,eco:b1524,0.003450626158352385,0.1436729965951771,0.0023665460197628708,0.0021485401559364725,0.17999748407800614,0.7619047619047619,2
165,eco:b1761,0.004122334212795441,0.15177351870804023,0.002945312274619528,0.003482674619329249,0.18874761135370474,0.6916666666666667,2
166,eco:b2818,0.0031685412984971627,0.1428769082500886,0.010815612646759874,0.01027377361955031,0.17723529040177555,0.8333333333333334,2
167,eco:b3959,0.00012977929084678256,0.12022697383792733,0.009288108484251763,0.008747652350101894,0.1388938832899663,0.0,2
168,eco:b3958,5.329993201439348e-06,0.10466244785079126,0.007849047388487938,0.007323088112875414,0.11825127779970031,0.0,2
169,eco:b2508,0.0006386448707746392,0.12070089144852277,4.4997430768072566e-06,4.72190559929198e-06,0.14803908460056472,0.7777777777777778,2
170,eco:b0477,0.0018745673083447934,0.13515170162470452,0.0010272050939279123,0.0009362751588493321,0.17207499005649157,0.5619047619047619,2
171,eco:b4384,0.0013803546360142858,0.13367664894667228,0.005406467608093986,0.005904922242637134,0.17392396323299456,0.25,2
172,eco:b0125,0.0019439979077316872,0.1352636439507327,0.0018751555714979263,0.0016482865017359316,0.17370719897923367,0.477124183006536,2
173,eco:b4374,0.0041475432542524586,0.14405319564526722,0.017188543803576536,0.017281301112448823,0.19511543649193236,0.1835075493612079,2
174,eco:b2518,0.01636799938459259,0.15834677388156235,0.004927189525647446,0.004857147139893669,0.20287467036650894,0.30735930735930733,2
175,eco:b3806,0.011797691734613943,0.1535814791189824,0.0004106335392589056,0.0004401035211793799,0.18674645992382652,0.75,2
176,eco:b4177,0.0005276033515875895,0.12079016725580717,1.374368237667684e-05,1.5680313958493564e-05,0.14719448125324097,0.8095238095238095,2
177,eco:b1131,0.0019016206952090177,0.13922276737412728,0.004618432557850649,0.004684185272813575,0.17263503634559124,0.5,2
178,eco:b0474,0.01957243355691191,0.1640739847252357,0.02044672127601194,0.021390824180364993,0.2058198300309286,0.31868131868131866,1
179,eco:b4213,0.0004539849296818545,0.12102888300137199,7.93423133704912e-06,7.861323709752308e-06,0.14921790215587843,0.6666666666666666,2
180,eco:b1623,0.000355812377873008,0.12090940730245653,0.0,0.0,0.14704162359222228,1.0,2
181,eco:b2795,0.002132522941573859,0.13957974882893273,0.0025262484858101933,0.0024689836875457167,0.17568182633470988,0.4358974358974359,2
182,eco:b2162,0.0008357824623184232,0.1212385346175585,0.00017225542670546093,0.00019335293847653605,0.1530263896422766,0.44166666666666665,2
183,eco:b0469,0.002820185065836021,0.13981875524816037,0.0025325294827232754,0.0024662359004968167,0.17813013971882294,0.47794117647058826,2
184,eco:b2407,0.0004109868309690072,0.12093925410751762,4.019183477267617e-05,6.881820516373164e-05,0.14758569323313633,0.8666666666666667,2
185,eco:b0238,0.001882908321051842,0.13515170162470452,0.0013138576782775547,0.0011178097042233884,0.17207499005649154,0.5619047619047619,2
186,eco:b2868,0.00029620791136455846,0.11497885904472045,2.133606434957008e-06,2.1336064349570075e-06,0.14005519779458867,0.8095238095238095,2
187,eco:b2883,0.0003917536173104035,0.11836794355872285,1.32961039759835e-05,2.469522448079697e-05,0.1438129788238605,0.8571428571428571,2
188,eco:b2499,4.1325089397044065e-07,0.09798498367791078,0.0010542732345194862,0.0011570985211767876,0.10925028151633184,0.3333333333333333,2
189,eco:b0522,2.0506443579858995e-07,0.09364008379005236,0.00038708587877855276,0.00045488963393206454,0.1051136602095128,0.3333333333333333,2
190,eco:b2476,7.779627626347261e-05,0.11748799002147574,0.0024715301386152655,0.0024981778787864493,0.13580479187116865,0.0,2
191,eco:b0523,3.190652984942015e-06,0.10217412270897891,0.001004343662598788,0.001048920419722708,0.11485437697352853,0.0,2
192,eco:b3397,0.00014463586609608163,0.13201964925614493,0.0,0.0,0.15876515124338836,1.0,2
193,eco:b3034,0.00014463586609608163,0.13201964925614493,0.0,0.0,0.15876515124338839,1.0,2
194,eco:b3032,0.0017286465434979861,0.13777416152687116,7.328479602076825e-05,8.566230712295036e-05,0.16764125428434465,0.6666666666666666,2
195,eco:b0516,6.39435518984404e-18,0.0029017047515415306,7.1120214498566925e-06,7.1120214498566925e-06,0.003264417845484222,0.0,2
196,eco:b0517,9.280724939380961e-18,0.002487175501321312,0.0,0.0,0.003083061298512876,1.0,2
197,eco:b0505,9.280724939380961e-18,0.002487175501321312,0.0,0.0,0.0030830612985128765,1.0,2
198,eco:b2954,0.0010913815871372368,0.1331317713015092,7.460864452097321e-05,0.0001363242533453061,0.16332669567163585,0.6666666666666666,2
199,eco:b2507,0.001752265294048021,0.134594757799328,0.0001393588996192756,0.00010913507582834354,0.16806701036842486,0.8222222222222222,2
200,eco:b2781,0.014955254548618591,0.16298234144695736,0.04927280361030117,0.0485391760206713,0.21982243968098125,0.16666666666666666,2
201,eco:b3988,0.013521741517257718,0.15687637476450653,0.0006059033936951455,0.000605985708719912,0.19536780472580226,0.6515151515151515,1
202,eco:b2312,9.000338607175853e-06,0.12526845266927994,0.007395584607140632,0.008060980463966154,0.14653353990949214,0.5,2
203,eco:b4005,8.849726320729509e-06,0.12108870943884179,0.006204302576581326,0.006843047590310223,0.13672344159286556,0.0,2
204,eco:b2500,0.00020766306877558976,0.1272532255557283,0.013235164556234387,0.013606981933729665,0.14995749927741256,0.26666666666666666,2
205,eco:b2557,8.498270480115257e-06,0.10894483397588478,0.0021904301263950578,0.002191724494915597,0.12237231393923488,0.0,2
206,eco:b2676,0.011609627306959004,0.15425847556346156,0.0014086831117244628,0.001363608418845415,0.1892444304577055,0.5,2
207,eco:b0104,0.001755326219499913,0.13463174454233412,0.0003881933072251515,0.0003434090473992854,0.16861108000933897,0.7818181818181819,2
208,eco:b3650,0.013196600602409894,0.15372604907108686,0.0016525183814268306,0.0016586133999088777,0.18874138194051127,0.5636363636363636,1
209,eco:b4006,0.0006383241715892613,0.12081995521320688,1.447746236753507e-05,1.6414093949351797e-05,0.14773855089415502,0.7857142857142857,2
210,eco:b3164,0.01208336066065566,0.15416139659834924,0.0006104121406925499,0.0005861495534019024,0.18888171736376283,0.5555555555555556,2
211,eco:b2752,2.5462416299693743e-08,0.08559135541396817,0.0,0.0,0.09316634882467337,1.0,2
212,eco:b2750,3.065808008382229e-07,0.09691887604145479,0.0007929903916590212,0.0007929903916590212,0.10800178240330614,0.6666666666666666,2
213,eco:b4238,0.013910695659708488,0.15717835046183956,0.0015630027276348705,0.001592526490999462,0.19718137019551568,0.5274725274725275,2
214,eco:b4372,0.010138131827393095,0.15158568019478771,0.00021670362718063311,0.00021458763824008467,0.18216461630498607,0.8,2
215,eco:b0160,0.010238641871264853,0.15464801716841978,0.005920178524939233,0.006252854388635966,0.19118149109988034,0.4666666666666667,2
216,eco:b3648,0.011807579963540385,0.15577898835915863,0.006085273510761396,0.005401861093534768,0.19632510821302954,0.5128205128205128,1
217,eco:b0512,2.8881108584997365e-18,0.0019344698343610205,0.0,0.0,0.0023576351106274936,0.0,2
218,eco:b3779,0.0005380319126202059,0.12702227596306817,0.0,0.0,0.14463876710884366,0.0,2
219,eco:b0910,0.002573728995399469,0.13455779137312657,0.0003336718395334724,0.00024244210663105974,0.1671602276335682,0.39285714285714285,2
220,eco:b2066,0.0012642695242161704,0.13746490414970647,0.0012012439462703286,0.001438916234202031,0.17253740999660458,0.4696969696969697,2
221,eco:b2780,0.0025174622114376567,0.13378616012822334,0.0,0.0,0.16226360086534192,1.0,1
222,eco:b2065,0.0029786664618154323,0.13396907803925454,4.460899242244726e-05,4.82310706963907e-05,0.163895809788084,0.6666666666666666,2
223,eco:b3640,0.0016340618990549759,0.1330956040178087,0.0006148774061517943,0.0006052483798740281,0.16387076531254982,0.5,1
224,eco:b1098,0.00142717115388605,0.1330594563795638,0.0005362985454731397,0.0005315473919593079,0.16332669567163585,0.5714285714285714,1
225,eco:b2827,0.0003311154502488114,0.120582062119014,0.0,0.0,0.1458628060369086,1.0,2
226,eco:b1238,0.00035996057413939953,0.12096911565174169,1.6004186315763976e-05,2.2408668819113054e-05,0.14812976287405036,0.7142857142857143,2
227,eco:b0391,0.0003903110885714111,0.12093925410751762,6.721000145323208e-06,8.048825664147087e-06,0.147948406327079,0.7142857142857143,2
228,eco:b2143,0.0004139107616009802,0.12105878882865181,1.816763997878736e-05,1.7873030448269706e-05,0.1497619717967924,0.5777777777777777,2
229,eco:b4382,0.0003166698049787219,0.12144891382983487,0.00025452898364974034,0.0002987145846731875,0.15021406776031385,0.5555555555555556,2
230,eco:b2147,0.00015689667859002373,0.11717888504892464,0.001589306311866355,0.001589282166114519,0.14282440597728988,0.7142857142857143,2
231,eco:b0337,0.0002886948367949779,0.12073063538431587,0.00018154415861810572,0.00023473612108142512,0.1478063436986181,0.5555555555555556,2
232,eco:b2873,6.46926110489804e-06,0.1009946234569272,0.0,0.0,0.1150578056542022,0.0,2
233,eco:b3642,4.729310632255428e-05,0.13316795824668495,0.01790864525909303,0.019539181172978627,0.1583779039845416,0.3333333333333333,2
234,eco:b0033,0.0004718881330781906,0.130472681328776,0.008696625631255674,0.009032344494112962,0.15571721833963387,0.42857142857142855,2
235,eco:b4245,2.910356532252442e-05,0.1182251250940043,0.004449122149710309,0.005036626331486935,0.13614104430208945,0.5,2
236,eco:b1012,0.00015697167061572774,0.1201679956805381,0.0018531203729917416,0.0020631234594903373,0.14606775463685173,0.7142857142857143,2
237,eco:b1011,8.370567171398173e-06,0.11359260801983627,0.0013472877587900692,0.0015958419504162231,0.13195786802968568,0.3333333333333333,2
238,eco:b1010,2.156562379576336e-06,0.10760485798145265,0.0,0.0,0.12232677550958339,1.0,2
239,eco:b3831,0.00042443300898848644,0.12162982085142847,0.0002461879160320326,0.0002842987084788555,0.15202763323002724,0.5606060606060606,2
240,eco:b1009,4.420872961189003e-05,0.1221148849425608,0.0027968814489320874,0.002984527508270993,0.14394289666324497,0.4,2
241,eco:b1539,0.0006935036772622603,0.1328069716426007,0.002362697790296048,0.0027102486630269157,0.15762751937942354,0.4,2
242,eco:b1008,4.3790189751982755e-05,0.12046346653296136,0.0,0.0,0.1401029269364419,1.0,2
243,eco:b2498,0.0010939145804668355,0.13777416152687116,0.0059393987569471805,0.006026852906999692,0.17355300665964413,0.5151515151515151,2
244,eco:b1062,1.277988973420534e-06,0.1131205075939861,0.0039194867889722085,0.0046048056168184835,0.12557344118824032,0.0,2
245,eco:b2165,0.00015689667859002373,0.11717888504892464,0.001589306311866355,0.001589282166114519,0.14282440597728988,0.7142857142857143,2
246,eco:b0945,1.989402007634444e-06,0.11856847008459677,0.004182889010142352,0.0049496810805242895,0.1329027459060108,0.0,2
247,eco:b1281,0.0009821311848930425,0.14325290011390465,0.013244950545742198,0.014334690430618734,0.17525206627491705,0.6666666666666666,2
248,eco:b0171,0.00254967864079623,0.13734929026900866,0.0002071878061504714,0.0002130707585884858,0.17045180970643417,0.5,1
249,eco:b2291,0.0005319838803432674,0.12120853992814296,6.749952794288299e-05,6.875083776779047e-05,0.15066875453164916,0.4888888888888889,2
250,eco:b2166,6.46926110489804e-06,0.1009946234569272,0.0,0.0,0.1150578056542022,0.0,2
251,eco:b3517,0.0038081066621759303,0.15163259622084613,0.03223137207221567,0.03275250612135968,0.19552386919089818,0.3261538461538461,2
252,eco:b0674,0.0005042631653737865,0.1354880858378191,0.0005377871861463961,0.0005378960111832562,0.16201565633012854,0.75,2
253,eco:b1014,0.0034360657390329306,0.14271043355361313,0.003982360120520883,0.003981772667275522,0.1789296787120506,0.6416666666666667,2
254,eco:b3744,0.0004676727449619688,0.13515170162470452,0.0005207169606403792,0.0005204616808235379,0.16036531175268928,0.8095238095238095,2
255,eco:b2662,0.00033417796710573486,0.13898579245093728,0.008216742897890265,0.00883522826172977,0.16992150637417217,0.21818181818181817,2
256,eco:b2957,0.0005042631653737865,0.1354880858378191,0.0005377871861463961,0.0005378960111832562,0.16201565633012854,0.75,2
257,eco:b2661,0.0011897734245305094,0.140299232070319,0.0025210387716731587,0.0026208169644785576,0.16751355886285138,0.6666666666666666,2
258,eco:b2574,0.00446123447549856,0.15362963888038692,0.014248057830860554,0.014800368734883274,0.18635437226296822,0.36666666666666664,2
259,eco:b1525,0.0011897734245305094,0.140299232070319,0.0025210387716731587,0.0026208169644785576,0.16751355886285138,0.6666666666666666,2
260,eco:b0219,0.00510747516195326,0.15717835046183956,0.0044679122392588515,0.00624349100660216,0.18817355114961182,0.4666666666666667,2
261,eco:b3213,0.004159077482328758,0.15257705337575642,0.009453968802216826,0.010607328151570797,0.1912684673566064,0.5751633986928104,2
262,eco:b4139,0.0015883262853813352,0.14346264081685325,0.004348114313525694,0.004577830674111982,0.17446531222374506,0.4696969696969697,2
263,eco:b3729,0.00025416607718414607,0.13159412258650385,0.015954074463681675,0.015755456688657993,0.16328295540754723,0.7272727272727273,1
264,eco:b2366,0.1947938143667887,0.17269119435655758,7.097638882872796e-05,4.800589061047278e-05,0.2214890356892532,0.9466666666666667,2
265,eco:b3772,0.17263680725297487,0.17459904432984813,0.01875611800019829,0.01817543839402374,0.22597761022679402,0.6068376068376068,2
266,eco:b2551,0.018783364608345836,0.15248207855261559,0.007322631194971653,0.007511113103263208,0.1880789594880997,0.4666666666666667,2
267,eco:b2905,0.004540918265219906,0.13942086465269035,0.020822893820430823,0.01952497602228187,0.1711986689407798,0.43956043956043955,2
268,eco:b4388,0.014878928524807848,0.14430778155804236,0.00275259110716391,0.002606059830654269,0.17311625926968685,0.26666666666666666,2
269,eco:b4471,0.1693246701388939,0.17269119435655758,0.004742592758389507,0.0052498647296890105,0.22022083526436068,0.8102766798418972,2
270,eco:b0311,2.132342237245763e-05,0.10446160306813515,0.0015883514571346615,0.0015883514571346615,0.11841282930302366,0.0,2
271,eco:b0312,8.692778641576907e-07,0.09140390268461826,0.0,0.0,0.10029091977741433,0.0,2
272,eco:b2903,0.004677199847993601,0.13567569049835335,1.1569794364806014e-05,1.247896356248002e-05,0.16364337512324445,0.9777777777777777,2
273,eco:b3616,0.0009884217453194366,0.12728628692895658,8.0580075617514e-06,9.25456494880492e-06,0.14699924063362604,0.6666666666666666,2
274,eco:b3617,0.004743131705360578,0.13700361252504303,0.0008645375255429994,0.0009405083007016232,0.16695831372109918,0.696969696969697,2
275,eco:b0870,0.0118359446447233,0.15338914163730552,0.007891488015084543,0.008170844467301501,0.18993656869064904,0.47619047619047616,2
276,eco:b0004,0.007658287067028849,0.14516293878209002,0.005083932144126931,0.005234928057958526,0.17472774172991792,0.19047619047619047,2
277,eco:b0907,0.0009419760893747816,0.12957548754021525,0.0016193442220143088,0.0019093236820566305,0.1486479636914895,0.1,2
278,eco:b0003,0.0003151519018959104,0.1223588707266618,0.0003734534580097476,0.0005215059566274747,0.13928691608234628,0.0,2
279,eco:b3940,7.246722035343202e-05,0.11473651484532878,0.0008010720019388913,0.0011135452612443149,0.13069061273631505,0.0,2
280,eco:b3433,2.2055499628847417e-05,0.11664879009275093,0.0038684588003490583,0.004038398162512088,0.13319171156494364,0.0,1
281,eco:b2913,0.00014977322918747885,0.11934833578308254,0.0001543433148164371,0.0002286959554260141,0.1356527510091172,0.5,2
282,eco:b4024,0.00046609998724386455,0.13575087791342585,0.00469874284702963,0.0046007950330697375,0.16174362150967153,0.7142857142857143,2
283,eco:b3124,0.0022647856402353145,0.14009863265357558,0.000589396515827266,0.0007249856847049734,0.16481609612730375,0.4,2
284,eco:b2585,9.566921166850901e-08,0.08199580224092952,0.0002508458800166552,0.0003802465316383543,0.09356726414332982,0.4,1
285,eco:b1261,4.738216466170847e-10,0.07337500649836062,0.002380156511885373,0.002380156511885373,0.081273308167151,0.3333333333333333,2
286,eco:b1386,0.011266301194646921,0.15130479258479118,0.00561735330378346,0.005620194653058513,0.18173363935061418,0.6944444444444444,2
287,eco:b0031,3.7772273591877977e-08,0.09032539055854608,0.0005762217533248284,0.0006551161691097203,0.09951026485302907,0.0,1
288,eco:b2478,9.051824956533133e-07,0.10118234580536015,0.001970253948422368,0.002036424075875108,0.11229604333521674,0.0,1
289,eco:b3607,0.0019365782930544167,0.1323763627099578,6.174853336368069e-05,0.00010538638075317268,0.15374346666512068,0.3333333333333333,2
290,eco:b2421,0.013833834939409016,0.15697690432218964,0.0007013297662080019,0.0008693230829344206,0.1913978507286448,0.8,2
291,eco:b4019,0.010464639490764177,0.1529103989979881,0.00306166261844162,0.0029631856172022703,0.18351525152395637,0.47619047619047616,2
292,eco:b1832,0.0006313493311758193,0.12995355925452357,3.2592200463025746e-05,3.558480176820659e-05,0.14954470931075967,0.8333333333333334,2
293,eco:b2942,0.0014012388433524644,0.13026453559945594,0.0032861059096060026,0.0032286639467617295,0.15170677768610324,0.38095238095238093,1
294,eco:b4054,0.0017870110990289795,0.13485409259277562,0.0030774684642499387,0.003155332917821532,0.16152020811977277,0.19230769230769232,2
295,eco:b0261,0.010899259090964177,0.15300590830404556,0.00425406810249246,0.004196864868534448,0.18460339080578445,0.5277777777777778,2
296,eco:b3008,0.2032198367974765,0.18445968312859706,0.07316662817953741,0.06386991513206804,0.24153202316967268,0.46799431009957326,2
297,eco:b3939,0.03526132964926602,0.1554330324839955,0.008638832311895448,0.0091808935429145,0.19280027492758692,0.30303030303030304,2
298,eco:b2521,0.1957809199062096,0.18118525088371076,0.02698168085934252,0.025880367881865023,0.23104961475472882,0.8769230769230769,2
299,eco:b1919,0.16795225779113865,0.16911457314102654,6.340515443507788e-06,4.674194158853991e-06,0.21421922896351603,0.9714285714285714,2
300,eco:b3829,0.010464639490764177,0.1529103989979881,0.00306166261844162,0.0029631856172022703,0.18351525152395634,0.47619047619047616,2
301,eco:b2687,0.0027396250433523177,0.1324837529447144,0.0032057725003588793,0.003519347228561254,0.15469519599008183,0.5,2
302,eco:b4013,0.001440358267915239,0.12909747520146347,0.0015606074884676334,0.0016209914481422633,0.14878988137965304,0.0,2
303,eco:b0159,0.00011556809100363907,0.11664879009275093,0.002146271394947975,0.002570399241005029,0.1339743831310756,0.0,2
304,eco:b3770,0.026489498722880537,0.15743088637196462,0.013173641284452357,0.01348581286657728,0.19611959796943446,0.20512820512820512,2
305,eco:b2688,0.016786630464877557,0.16309085166096998,0.01944127563384902,0.01914767080385909,0.2083866411668366,0.4743083003952569,2
306,eco:b2947,0.005671138764577369,0.14184276733918758,0.00452678955958522,0.004173286020300917,0.1772823174890637,0.5166666666666667,2
307,eco:b1961,6.432621798280019e-05,0.11198283848904089,3.383957276722218e-05,4.924087073268836e-05,0.12605208538288018,0.3333333333333333,2
308,eco:b0120,6.101187072744569e-05,0.1151680579195002,0.0008113532843710856,0.0009158827792436853,0.1316797910105858,0.3333333333333333,2
309,eco:b0121,3.0820582234844525e-05,0.11356627686359617,0.006819654469456622,0.0067339316634970284,0.1376831365949977,0.35714285714285715,2
310,eco:b2917,0.003616200036232429,0.13180654247768467,0.0,0.0,0.15568930827363917,1.0,2
311,eco:b3771,0.0015329926470728187,0.1298502301589064,4.994772328408277e-05,7.274581940139131e-05,0.1513322489383425,0.6,2
312,eco:b3774,0.0072953862824401815,0.14050040676499967,0.0002147233987902994,0.00028983345703379696,0.1640416016096101,0.0,2
313,eco:b3769,0.17743506466923004,0.17348616090281652,0.00601944208860556,0.00609674684411153,0.22306554224399694,0.7076923076923077,2
314,eco:b0074,0.001279255864059101,0.1298502301589064,0.0001441081604718418,0.0001846873672022847,0.1513322489383425,0.6,2
315,eco:b0072,0.000817009799270699,0.12374966364979892,1.1853369083094488e-06,1.1853369083094488e-06,0.1410987936015143,0.0,2
316,eco:b0073,0.01876309812151998,0.1486422689288695,0.001441872622846201,0.0014012934161157578,0.179380754054312,0.6,2
317,eco:b3572,0.0012916159119726529,0.1298502301589064,7.507133752626509e-06,8.14919124462746e-06,0.15133224893834257,0.7,2
318,eco:b3809,4.868306336103188e-10,0.07561736662904057,0.004750830328504271,0.004750830328504271,0.08352320494514735,0.0,2
319,eco:b0085,5.98034410287043e-07,0.09340799206664516,0.0029963064742038253,0.0032658696362517117,0.10133712601948563,0.0,1
320,eco:b2838,2.0963313271673072e-11,0.06856891789916779,0.003171961566636085,0.003171961566636085,0.07545642054859301,0.3333333333333333,2
321,eco:b2472,1.1563696414354928e-08,0.08425192061729216,0.006324957742739219,0.006324957742739219,0.0942314471286183,0.0,1
322,eco:b0086,1.4647055637834306e-05,0.10576962832244255,0.008808809489924463,0.009107226662152128,0.11679700573879066,0.0,1
323,eco:b0166,1.3106561506295842e-08,0.08571114737395974,0.00026269626826217363,0.00027776865256507095,0.09580646502572544,0.0,1
324,eco:b4131,9.729970058220844e-13,0.06269835147038058,0.0,0.0,0.06792908131028955,1.0,2
325,eco:b2222,0.003811395008520193,0.1250446448161189,2.5466783878527248e-06,2.6867636588347505e-06,0.14820014648632737,0.8,2
326,eco:b4117,8.258118519978151e-08,0.09027545944159829,0.001525084212760067,0.0015796775018828719,0.10409419047884791,0.5,2
327,eco:b2937,1.920423889490256e-06,0.10268809859349275,0.002996730541040786,0.0030266168547408725,0.12157919761293015,0.6666666666666666,2
328,eco:b1584,1.9171214578615444e-06,0.10255912044997989,0.0,0.0,0.12034597309352502,1.0,2
329,eco:b3073,8.889436741817821e-06,0.11270414501715065,0.0032502042109542792,0.0037874068510225607,0.1337337611004644,0.6666666666666666,2
330,eco:b0243,0.000270322497895743,0.11943562125537638,0.0,0.0,0.13793226178971588,1.0,2
331,eco:b0242,0.003174302628375107,0.14217205989249967,0.0007736129834007554,0.0007740414641386854,0.17627885051715286,0.8484848484848485,2
332,eco:b1301,3.7922747920319077e-07,0.09773088338111986,6.720860270114576e-05,7.329333216380092e-05,0.11075534005349039,0.0,2
333,eco:b1300,7.2724201978691815e-06,0.10952938036878021,0.0012574606948200378,0.0012212032511119684,0.12450271285962294,0.0,2
334,eco:b2965,3.1285076273887475e-06,0.1053149007716152,0.0015761863792624728,0.0017871530536228354,0.1259752881624484,0.5238095238095238,2
335,eco:b0386,0.00014653327841923728,0.11943562125537638,0.0,0.0,0.13793226178971588,1.0,2
336,eco:b1297,1.932228507893558e-06,0.10260207714964478,0.00039335801738253135,0.0004357001905532562,0.12107139928141038,0.6666666666666666,2
337,eco:b1747,1.5927616970690462e-08,0.08513030727881041,0.0002091752320014241,0.00027173216471944425,0.09680144997065604,0.5,2
338,eco:b1298,0.00017697321127818852,0.12791773326098013,0.002773862201620314,0.0027315200284495906,0.1522801192278885,0.5,2
339,eco:b1444,0.0001770372267934468,0.12869054856568266,0.00444045630307317,0.004934724101516572,0.1540423003426267,0.5,2
340,eco:b1744,0.00341939795427036,0.14279362238109994,0.005559278131942416,0.005502591784169216,0.17820425252416527,0.8241758241758241,2
341,eco:b1746,0.00014007620243351284,0.1198153383197735,0.00399462709749258,0.003939383837210816,0.13864732474634575,0.0,2
342,eco:b1748,5.7518178156458055e-06,0.10333788618214594,0.002460684928639341,0.0024075334393722056,0.11596918074067179,0.0,2
343,eco:b1745,2.37395775565392e-07,0.09171189037618006,0.0010259611034730686,0.0009862486342587368,0.1020796139539343,0.0,2
344,eco:b2026,3.553156033602993e-07,0.10406221716005816,0.0015883514571346615,0.0015883514571346615,0.11710773855288381,0.0,2
345,eco:b2024,1.4601495734761736e-08,0.09109797664365078,0.0,0.0,0.09955576844521824,0.0,2
346,eco:b2021,0.00035019070025971914,0.1229731220857314,0.003400511442439055,0.003409358208550283,0.14276060054079673,0.14285714285714285,2
347,eco:b2022,1.432669262511254e-05,0.1053149007716152,0.0015883514571346615,0.0015883514571346615,0.11688584357245971,0.0,2
348,eco:b2020,5.859570628072078e-07,0.09205654235053624,0.0,0.0,0.09940911766265445,0.0,2
349,eco:b2019,8.666610238218755e-06,0.12126854415583017,0.0040831955449600246,0.004084960264684593,0.14262357503172354,0.5,2
350,eco:b0349,0.0023433572420987507,0.13926234178213584,0.006956357122797619,0.006977106082957545,0.1685045428516591,0.4727272727272727,2
351,eco:b0352,0.1682357036100672,0.1695241932143785,0.0019268372274956998,0.001947873163681825,0.21536177520943553,0.8831168831168831,2
352,eco:b1385,0.0004608594422312515,0.12565399291858267,0.003879967593777885,0.003886810277408856,0.14284628139361583,0.3333333333333333,2
353,eco:b1398,1.9762738863771782e-05,0.10753400315837441,0.00040341480030728317,0.00041815607966439513,0.11929041065330559,0.6666666666666666,2
354,eco:b3942,0.0011658943540248752,0.1379293126096717,0.0005788272349423808,0.0005286209281317126,0.16422079915006993,0.5,2
355,eco:b1392,4.205012803325141e-06,0.09745870666193633,0.00012687492934016452,0.0001660326650755055,0.10813426733784573,0.3333333333333333,2
356,eco:b1394,6.361959926065404e-05,0.10706401188582909,0.0009012847644104031,0.000910959941431521,0.12062384930992152,0.0,2
357,eco:b1387,0.001556324710697597,0.125140464467319,0.0024355074536948633,0.002428664770063836,0.1462233601243397,0.0,2
358,eco:b2541,3.914969281279832e-06,0.10101544709062966,0.0015883514571346615,0.001588351457134661,0.11158815492330208,0.0,2
359,eco:b2542,1.596633211979787e-07,0.08875451420100613,0.0,0.0,0.09568008010608701,0.0,2
360,eco:b1397,0.038113483737547665,0.15056082310680818,0.007990995465041733,0.007858017081988784,0.19249208656172728,0.45714285714285713,2
361,eco:b0347,3.908455164309882e-06,0.10097380840675059,0.0,0.0,0.11086272873541671,0.0,2
362,eco:b1393,0.0021519859710700017,0.125140464467319,6.637886686532913e-06,7.467622522349529e-06,0.14751099160783626,0.6666666666666666,2
363,eco:b0348,9.58563558120655e-05,0.11715086522944856,0.004755571676137509,0.004755571676137507,0.13375490124674064,0.0,2
364,eco:b1395,0.0051111126658988535,0.1251724369927322,4.820370093791758e-06,5.235238011700065e-06,0.148417774342693,0.7333333333333333,2
365,eco:b1396,1.9762738863771782e-05,0.10753400315837441,0.00040341480030728317,0.00041815607966439513,0.11929041065330559,0.6666666666666666,2
366,eco:b0350,0.006953427024676154,0.141066777538023,0.0005530574969989831,0.0006261775448610999,0.16551058964007803,0.0,2
367,eco:b0351,0.035752383368926804,0.14945848639095605,0.0039039109522356775,0.004067306175777715,0.18780186081600647,0.6,2
368,eco:b1189,0.0011145679629002033,0.13789049208825044,0.0005788272349423808,0.0005286209281317126,0.1636767295091559,0.0,2
369,eco:b3830,6.641803599604241e-27,0.0,0.0,0.0,0.0,0.0,2
370,eco:b3708,3.93878082878508e-11,0.06669274685400951,0.0,0.0,0.07235028947391361,1.0,2
371,eco:b2599,0.0012575780627284436,0.13961952647180217,0.00062783433089593,0.00057840507828071,0.16759273551983003,0.6,2
372,eco:b1260,4.730244422039737e-10,0.07336401892625845,0.0007918050547507118,0.0007918050547507118,0.08072923852623701,0.6666666666666666,2
373,eco:b1262,1.0953582234950097e-08,0.08149117072347868,0.006324957742739219,0.006324957742739219,0.09051966093107396,0.3333333333333333,2
374,eco:b2329,5.278941140695649e-05,0.12046346653296136,0.006426599244255652,0.006455416936780271,0.14158998419063737,0.4666666666666667,2
375,eco:b1264,6.488465102062823e-06,0.10446160306813515,0.009458988528309401,0.009458988528309401,0.1199919986916726,0.5,2
376,eco:b2600,0.0011723719049325113,0.14139247283969808,0.05024704601297678,0.049332290430484316,0.1712703872116275,0.2857142857142857,2
377,eco:b3389,0.000693199239247682,0.13746490414970647,0.00574374470298932,0.005923638525554903,0.15595647551577912,0.3333333333333333,2
378,eco:b2601,0.0169458696854146,0.16624530654548825,0.05333513642589588,0.05747545154513905,0.20122687734222003,0.2857142857142857,2
379,eco:b1692,2.962105708469017e-05,0.1182251250940043,0.002298942066521866,0.0025254674593252853,0.13070115261355794,0.5,2
380,eco:b1693,2.9566244679374744e-05,0.11692718815979807,0.000644471313256958,0.0006318216139073199,0.12871875283464024,0.6666666666666666,2
381,eco:b3281,2.469849219032078e-06,0.10404011857922146,5.066920170720124e-05,5.1685628106076594e-05,0.11283585384510349,0.6666666666666666,2
382,eco:b3390,1.3987899706866395e-06,0.10817507582017086,0.0010164629228103514,0.0013219750779873284,0.11782968572957743,0.3333333333333333,2
383,eco:b0908,2.213755517703995e-06,0.10867899698082384,0.0011208908419177571,0.0014181283615041505,0.12055616974006558,0.0,2
384,eco:b1263,2.6596902858439017e-07,0.0915747511008512,0.00789434380934093,0.00789434380934093,0.10239991993256443,0.0,2
385,eco:b0133,0.00022092425072805542,0.13433641853291853,0.0037790302292761186,0.004255859692452063,0.16265842427431082,0.3,2
386,eco:b0131,0.0005237198688935707,0.13777416152687116,0.0006313808587390982,0.0007534109080089332,0.16654780354453907,0.6222222222222222,2
387,eco:b3447,0.0062579770798656805,0.14655247334416807,0.008080596194227655,0.007413107798677134,0.18814557465264722,0.4458874458874459,2
388,eco:b0368,0.0001566144889896937,0.12698935157842248,0.01088551981718955,0.010584892673968966,0.15039368502371778,0.5,2
389,eco:b2297,0.0403235048078158,0.14886810039184256,0.001276311715077148,0.0012449751255244196,0.1896124036766037,0.5095238095238095,2
390,eco:b2296,0.013955646375008684,0.14304377179257047,0.0002795625421081989,0.00042596675021211385,0.17212751279671834,0.5357142857142857,2
391,eco:b4095,1.9127326378339746e-10,0.07781526658029762,0.0015883514571346615,0.0015883514571346615,0.08425654039155774,0.0,2
392,eco:b4098,4.549335580077107e-09,0.08705133589011263,0.003171961566636085,0.003171961566636085,0.09537968820820214,0.0,2
393,eco:b4101,8.228344392427347e-12,0.07033088119287308,0.0,0.0,0.07492616106581906,0.0,2
394,eco:b4092,1.0969134865335193e-07,0.09873537250897903,0.004750830328504271,0.004750830328504271,0.10994093304549082,0.0,2
395,eco:b3591,5.605254623562365e-05,0.10786545979514617,0.0,0.0,0.11900783595560578,0.0,2
396,eco:b1764,0.00043229025453164315,0.12010907535904729,0.0,0.0,0.1354180156682882,1.0,2
397,eco:b1680,0.010171878710971659,0.14363087610365108,0.005329851065494144,0.005428195466387021,0.17105146395135495,0.26666666666666666,2
398,eco:b2114,0.0013988684003788572,0.13064664490388103,0.0023245425779646676,0.002528472869539662,0.15199655561461894,0.4666666666666667,1
399,eco:b0888,0.00043298151608504577,0.12013852829562381,0.0015883514571346615,0.0015883514571346615,0.13596208530920223,0.3333333333333333,2
400,eco:b2881,1.7649623017344068e-05,0.1031855346229052,0.0,0.0,0.1127593072506025,0.0,2
401,eco:b3967,0.003413882888819067,0.1425858318945151,2.772101600751668e-06,2.613129093318556e-06,0.17729746978930855,0.9615384615384616,1
402,eco:b0088,2.4419592526577985e-08,0.08504164526810516,0.0017825830981414497,0.002053046082079575,0.09159124078393781,0.0,1
403,eco:b0091,1.0677128255395208e-09,0.07996163185727989,0.0009535912301843148,0.0012085363387418942,0.08658834353546475,0.0,1
404,eco:b4053,0.00877091193753348,0.1422546220643304,0.010932625850607393,0.011099185336566156,0.1671432303641224,0.5,2
405,eco:b0381,0.00035812788736797155,0.12096911565174169,0.009470106040954822,0.009647147623887083,0.1354629230037287,0.0,2
406,eco:b2988,0.0005594885273155413,0.1280180084634319,0.0050258001575539096,0.004435855216262452,0.1562125306684609,0.6,2
407,eco:b0932,0.01614933735107526,0.16068380399788584,0.005091572099637544,0.004225847824895366,0.20089963838603633,0.6176470588235294,2
408,eco:b0237,0.01614933735107526,0.16068380399788584,0.005091572099637544,0.004225847824895366,0.20089963838603633,0.6176470588235294,2
409,eco:b2523,0.01614933735107526,0.16068380399788584,0.005091572099637544,0.004225847824895366,0.20089963838603633,0.6176470588235294,2
410,eco:b4260,0.01614933735107526,0.16068380399788584,0.005091572099637544,0.004225847824895366,0.20089963838603633,0.6176470588235294,2
411,eco:b3500,0.0006628458088436154,0.13418924086265513,0.005939623979974654,0.005854471305728502,0.16367531634125737,0.42857142857142855,2
412,eco:b2301,0.0005371689227419975,0.12708817597653796,0.0,0.0,0.1527455980121922,1.0,2
413,eco:b1710,0.0005371689227419975,0.12708817597653796,0.0,0.0,0.1527455980121922,1.0,2
414,eco:b1309,9.515681718093641e-05,0.12781761502466837,0.007160222570503427,0.008285591297319483,0.15956169178421623,0.41818181818181815,2
415,eco:b1896,2.3398903327383407e-06,0.102046431657895,0.000448151787523227,0.0005195711886316431,0.1238975513274624,0.42857142857142855,2
416,eco:b4239,3.4420788896935976e-05,0.11762903202630345,0.003030311058971994,0.002903970597800392,0.14784034774033503,0.4696969696969697,2
417,eco:b4240,3.3534883615651143e-06,0.107960537326918,3.7169695279777385e-05,9.641660123742818e-05,0.12716513974194973,0.8333333333333334,2
418,eco:b3519,4.16822463580185e-05,0.12043385407806143,0.0019617421062354252,0.002151095361622258,0.14661679905151076,0.6545454545454545,2
419,eco:b3431,1.3803054178611196e-05,0.11626125258413712,0.0016026700738146034,0.0016209661210663314,0.14200455313957872,0.5714285714285714,2
420,eco:b3533,7.182914954282551e-07,0.10084909806289705,0.0,0.0,0.11872068551403511,1.0,2
421,eco:b3430,1.3541125862488801e-05,0.11620610018727558,0.0015770907565057217,0.0015763287542075227,0.1412791269516933,0.7142857142857143,2
422,eco:b1897,3.3534883615651143e-06,0.107960537326918,3.7169695279777385e-05,9.641660123742818e-05,0.12716513974194973,0.8333333333333334,2
423,eco:b3416,4.1667985722097845e-05,0.12049309355375157,0.0005309996794574201,0.000655317001476124,0.1465261207780251,0.7555555555555555,2
424,eco:b3429,5.901122795406238e-07,0.10035332207897457,1.1853369083094488e-06,1.1853369083094488e-06,0.11516609719339675,0.0,2
425,eco:b3571,6.380338514578506e-06,0.10928505875296764,0.0003529808596039015,0.0003895352560317478,0.1294778675171367,0.3333333333333333,2
426,eco:b3432,8.520405956630188e-07,0.10047680852944091,8.890026812320867e-06,9.652029110519796e-06,0.1163449147487105,0.3333333333333333,2
427,eco:b1738,3.1460365214842477e-06,0.10746324158577623,0.0,0.0,0.12440074780454365,1.0,2
428,eco:b2132,4.154097126725733e-05,0.12040425617831259,0.0010421951429319437,0.001098707103113094,0.1460727294105967,0.7555555555555555,2
429,eco:b3189,4.0031186209109806e-08,0.08783164546245138,0.0026403855599301026,0.0026048801736334175,0.0994848141305208,0.5,1
430,eco:b3972,1.7069766177328769e-09,0.0794687621069836,0.0012652868623452612,0.0013746121643488066,0.08791919014090659,0.0,1
431,eco:b2255,2.99737130964025e-08,0.08878668328915437,0.004755571676137509,0.004755571676137509,0.10150319533823812,0.0,2
432,eco:b2254,1.2738780978896461e-09,0.0791989845440598,0.0015883514571346615,0.0015883514571346615,0.08805464350957376,0.0,2
433,eco:b2253,1.2711597710403965e-09,0.07917338694078117,0.0,0.0,0.08732921732168838,0.0,2
434,eco:b0677,2.1806234586193445e-05,0.11239387896066846,0.014124474599415392,0.014124474599415392,0.13396714863862674,0.42857142857142855,2
435,eco:b3176,2.1679749867835042e-05,0.11273007786229956,0.015537882689382937,0.015261129701301751,0.1327196354215815,0.5,1
436,eco:b0678,0.00025416607718414607,0.13159412258650385,0.015954074463681675,0.015755456688657993,0.16328295540754723,0.7272727272727273,2
437,eco:b3222,4.2055772750806884e-08,0.08614821846132475,0.0015883514571346615,0.0015883514571346615,0.09601718394907122,0.0,2
438,eco:b3223,1.0201718417196682e-06,0.09761405028682085,0.003171961566636085,0.003171961566636085,0.11280693115087935,0.6,2
439,eco:b3338,8.809170208739541e-08,0.08614821846132475,0.0,0.0,0.09647057531649958,1.0,2
440,eco:b1107,8.809170208739541e-08,0.08614821846132475,0.0,0.0,0.09647057531649958,1.0,2
441,eco:b3786,4.002944951227064e-08,0.08742414675045573,0.0015883514571346615,0.0015883514571346615,0.09886156481303864,0.5,2
442,eco:b3730,8.917443894007127e-07,0.09861612689000682,0.014061795207123896,0.013794472833420193,0.11340615359449788,0.5,1
443,eco:b0679,1.0255354015779481e-06,0.09761405028682085,0.0015836101095014236,0.0015836101095014236,0.11316964424482208,0.6,2
444,eco:b1119,1.0255354015779481e-06,0.09761405028682085,0.0015836101095014236,0.0015836101095014236,0.11316964424482204,0.6,2
445,eco:b2428,1.0201686561775953e-06,0.09759460525688324,0.0015883514571346615,0.0015883514571346615,0.112625574603908,0.6,2
446,eco:b3787,1.6631356448029696e-09,0.07808812852877811,0.0,0.0,0.085341556796135,0.0,2
447,eco:b3225,1.7503347764544947e-09,0.07706857297303034,0.0,0.0,0.08370476413649143,0.0,2
448,eco:b2256,5.647352124597781e-11,0.07145929381411228,0.0,0.0,0.07757797755460667,0.0,2
449,eco:b2429,4.1981030098285826e-08,0.08610279760800596,0.0,0.0,0.09520107948770017,0.0,2
450,eco:b0271,2.7476354862188686e-06,0.10604435462977357,0.0,0.0,0.12080643376409256,0.0,2
451,eco:b3788,5.558023261950379e-07,0.10039445048966268,0.003171961566636085,0.003171961566636085,0.11531118243097385,0.0,2
452,eco:b2038,2.296606679893105e-08,0.088306582261996,0.0015883514571346615,0.0015883514571346615,0.09844863292567788,0.0,2
453,eco:b3789,1.3539745231053737e-05,0.11626125258413712,0.004750830328504271,0.004750830328504271,0.1415511617721503,0.7142857142857143,2
454,eco:b2040,9.608516833832703e-10,0.07879139890472078,0.0,0.0,0.0856801681481561,0.0,2
455,eco:b0918,9.688637048631038e-10,0.08006617394828466,0.006293377318166978,0.006390534139653434,0.0884559439380777,0.0,1
456,eco:b3198,2.3425948929233138e-08,0.089386046048085,0.007818059249941011,0.007910136056106146,0.0993943411891228,0.0,1
457,eco:b1215,5.704175420829976e-07,0.10143373051543558,0.009359335898431381,0.009446332689275192,0.1149397668800154,0.0,1
458,eco:b1054,1.7694025216062267e-12,0.06603651683374497,0.0015883514571346615,0.0015883514571346615,0.0721738535677674,0.0,2
459,eco:b3633,4.077934397428113e-11,0.07257071817353783,0.004900320700041581,0.005019692005193557,0.0807076407999646,0.0,1
460,eco:b1855,8.156908412790357e-14,0.060566809048034846,0.0,0.0,0.06494076587639747,0.0,2
461,eco:b0222,7.609975594611724e-05,0.12530049063671453,0.00475083032850427,0.004750830328504271,0.14632874832820453,0.3333333333333333,2
462,eco:b3052,3.1146027417661514e-06,0.10706401188582909,0.003174332240452704,0.003174332240452704,0.12052913881868017,0.0,2
463,eco:b0200,1.2715455235122488e-07,0.0933901865020118,0.0,0.0,0.1018370311439827,0.0,2
464,eco:b3619,1.2715455235122488e-07,0.0933901865020118,0.0,0.0,0.1018370311439827,0.0,2
465,eco:b0181,4.00295942316333e-08,0.087564775404746,0.0062871112912533285,0.006200114500409531,0.09940563445395266,0.5,1
466,eco:b3197,1.3933938385443589e-05,0.1172349649173376,0.010902644553050308,0.010989641343894095,0.13895840632302936,0.6666666666666666,2
467,eco:b0096,1.6663022222413843e-09,0.07843818738225326,0.0047438026366344085,0.0046568058457906285,0.08741204404072453,0.0,1
468,eco:b0179,7.110147740785753e-11,0.07103449592425023,0.003206251332713017,0.0031306845763422134,0.07916095917503303,0.3333333333333333,1
469,eco:b0524,3.3244314260676642e-12,0.06498539838036263,0.0,0.0,0.07141758950866374,1.0,1
470,eco:b0182,3.410402350214974e-12,0.06535818014801946,0.0003668266926931358,0.0004300963613681568,0.072914541957738,0.3333333333333333,1
471,eco:b0915,1.930888273330297e-12,0.0666020824346865,0.0004094999070530474,0.0005676161234117097,0.0737463561467988,0.0,1
472,eco:b0087,5.990382347969983e-07,0.09394533430288665,0.0037770319428061827,0.0039410380649088006,0.10308287150843022,0.0,1
473,eco:b0090,2.4416739362533052e-08,0.08324977372804654,0.0,0.0,0.08913528179914318,0.0,1
474,eco:b3057,2.462939579913467e-08,0.08610279760800596,0.0012274241255018788,0.0014032432683271018,0.09444440865342775,0.0,2
475,eco:b3018,1.527825653388708e-05,0.10270962649676181,0.011574259164460025,0.011282261107669842,0.11754577228797966,0.5,1
476,eco:b1200,0.0042920088062849355,0.13612806846055955,2.9158400685964315e-05,2.5239836617174365e-05,0.16232990199257888,0.8571428571428571,2
477,eco:b3926,0.0009091379105646975,0.13463174454233412,0.004126908512736955,0.006128127884594231,0.16096325087075902,0.4666666666666667,2
478,eco:b3945,0.013111892504059265,0.15582853638344588,0.024230615233245392,0.02808997283738017,0.1923222708859269,0.3904761904761905,2
479,eco:b4041,0.0003727686323602133,0.1189138151430956,0.013115987369867846,0.012824384425380428,0.13966189323915149,0.6,1
480,eco:b4042,6.785854423831981e-07,0.09022558349715541,0.0,0.0,0.10102576406503339,1.0,2
481,eco:b1046,1.0413072974858378e-10,0.06608105184644644,0.0,0.0,0.07191908018877094,1.0,2
482,eco:b2560,2.447621159797167e-09,0.07263527329719108,0.003171961566636085,0.003171961566636085,0.0806323755771606,0.3333333333333333,2
483,eco:b3821,8.763953724328842e-07,0.09203924824150927,0.0040828560573995,0.004374854114189661,0.10463311367347108,0.3333333333333333,2
484,eco:b3825,2.132371285855484e-05,0.10481919520529608,0.005611545556815912,0.005903741169757448,0.11977041259749485,0.0,2
485,eco:b3449,0.0005222175309033222,0.1218112676254485,0.011971216945594982,0.012508972741691413,0.14559990698456435,0.2857142857142857,2
486,eco:b3918,6.846771232583052e-07,0.09037537693959673,0.003463079017337955,0.0033168824327914808,0.1030206860817182,0.6,2
487,eco:b1912,5.982068512352745e-08,0.08059301174363445,0.004750830328504271,0.004750830328504271,0.09108004938734464,0.5,1
488,eco:b4160,4.115861517299282e-08,0.08188616386253617,1.066803217478504e-05,1.066803217478504e-05,0.09166302040013076,0.6666666666666666,1
489,eco:b2836,3.7410424727934144e-08,0.08176317062576,0.0,0.0,0.09019403236966286,1.0,2
490,eco:b3608,0.0038491240713358433,0.1370419352138612,0.009167823921657726,0.007682685633418177,0.16541037248327778,0.6,1
491,eco:b2451,0.0037879594916937955,0.13085601452712442,0.005172239798023285,0.006435540668664736,0.1544271530669791,0.6,2
492,eco:b3426,0.0038491240713358433,0.1370419352138612,0.009167823921657726,0.007682685633418177,0.1654103724832778,0.6,2
493,eco:b1409,6.846771232583052e-07,0.09037537693959673,0.003463079017337955,0.0033168824327914808,0.1030206860817182,0.6,2
494,eco:b1249,1.0413072974858378e-10,0.06608105184644644,0.0,0.0,0.07191908018877091,1.0,2
495,eco:b3801,6.641803599604241e-27,0.0,0.0,0.0,0.0,0.0,2
496,eco:b2133,0.19655478490778236,0.17293502237541614,0.0013282660774720408,0.0013342839184817975,0.22293988806502396,0.8205128205128205,2
497,eco:b2463,0.20006529711714136,0.17428848039471856,0.0029370809350456554,0.0023711485446771562,0.22597631482288702,0.7315270935960592,2
498,eco:b3956,0.019553038965963363,0.15958466397053872,0.002254774980634414,0.0021574874574139657,0.1924296716462111,0.5277777777777778,2
499,eco:b3951,0.2202838579909847,0.17828417699765425,0.04034210547274699,0.0386561129688806,0.2396315992072248,0.4,2
500,eco:b0871,0.17691662864548893,0.17287400084317356,0.00437904744197145,0.005171743490298281,0.2215123529595781,0.7533333333333333,2
501,eco:b1702,0.17606659867172475,0.1790661251423808,0.01045589207836895,0.010653298827935304,0.22679108462568737,0.7533333333333333,2
502,eco:b1479,0.20006529711714136,0.17428848039471856,0.0029370809350456554,0.0023711485446771562,0.22597631482288702,0.7315270935960592,2
503,eco:b2455,0.035752383368926804,0.14945848639095605,0.0039039109522356775,0.004067306175777715,0.1878018608160065,0.6,2
504,eco:b1380,0.19655478490778236,0.17293502237541614,0.0013282660774720408,0.0013342839184817975,0.222939888065024,0.8205128205128205,2
505,eco:b1651,0.011938582486706054,0.15111811177962797,0.00031978331734503916,0.00032408299741889,0.1812258410190944,0.7222222222222222,2
506,eco:b1415,0.17511227153655382,0.17854406646849633,0.04943383005631794,0.05035289468764193,0.2310555542873279,0.45075757575757575,2
507,eco:b0212,0.017625477494721997,0.1438417258924116,4.530403977088708e-06,7.073450963157734e-06,0.16860181590867093,0.6666666666666666,2
508,eco:b3605,0.1947938143667887,0.17269119435655758,7.097638882872796e-05,4.800589061047278e-05,0.2214890356892532,0.9466666666666667,2
509,eco:b0968,0.00621224097082682,0.12459941973284687,9.482695266475591e-07,9.482695266475589e-07,0.1470157155140836,0.8,2
510,eco:b4014,0.06591494333259035,0.16434918429706605,0.0117739558570802,0.01434113990679339,0.20917920490825795,0.41106719367588934,2
511,eco:b1967,0.027335497272980014,0.15200897250684264,0.0009091677810190641,0.0009506862283036177,0.1839099179142704,0.5636363636363636,2
512,eco:b2458,0.03697597637862673,0.14850709863278383,0.0004472661374249529,0.0004278028646622901,0.18607595101066252,0.7714285714285715,2
513,eco:b2311,2.2531032476235997e-06,0.10450616859845432,0.0,0.0,0.11858601439667849,1.0,2
514,eco:b4468,0.02119564488932678,0.15425847556346156,0.0017843913419105016,0.0018054407142832623,0.18828579231190745,0.5,2
515,eco:b4015,0.01458222982176557,0.15702721743254933,0.012787535567506761,0.013313955010190451,0.19467601978483345,0.3974358974358974,2
516,eco:b0507,0.02249069153068132,0.1536778288549416,0.0002587088224983356,0.0002647195199990105,0.18735310149891193,0.5714285714285714,2
517,eco:b0508,0.010421900171207478,0.14585439666256442,9.913002446634988e-06,1.0143097258247997e-05,0.1724318149508571,0.8333333333333334,2
518,eco:b2799,0.009008675002860145,0.14918541972885319,0.0,0.0,0.17627355113753354,1.0,2
519,eco:b3125,0.010510605016511488,0.14611539468820575,0.00012278860849659684,0.00015411430237046396,0.17370131077965653,0.6,2
520,eco:b3062,0.01177295190088718,0.1545992169105566,0.0003823103469121044,0.0004931632011372292,0.18354061003680128,0.6785714285714286,2
521,eco:b3894,1.4028870365422697e-18,0.003482045701849837,1.1853369083094489e-05,1.1853369083094489e-05,0.003808487486398259,0.0,2
522,eco:b1232,1.0147183939977268e-05,0.11104372583625427,0.0,0.0,0.1251970010403094,1.0,2
523,eco:b1732,0.000864011370230492,0.12738557420425217,0.0,0.0,0.1446342920771651,0.0,2
524,eco:b1800,0.19525495182831926,0.17360911353279726,0.000982471960246846,0.001055970438668404,0.22338291620119682,0.8738461538461538,2
525,eco:b3385,0.009042290212804524,0.14563760950937987,0.0,0.0,0.17140585505656208,1.0,2
526,eco:b1650,6.641803599604241e-27,0.0,0.0,0.0,0.0,0.0,2
527,eco:b1771,0.004224189022001295,0.13631745085964214,0.0,0.0,0.1616968027740606,1.0,2
528,eco:b3011,0.004224189022001295,0.13631745085964214,0.0,0.0,0.1616968027740606,1.0,2
529,eco:b0963,0.014460354461742824,0.15577898835915863,0.004387067358095035,0.004046696217366688,0.19088091813880703,0.4857142857142857,2
530,eco:b0335,0.015972838498375375,0.1445632689258052,0.0002137897175771312,0.0002744726950821518,0.17615665074859824,0.7222222222222222,2
531,eco:b3253,0.015467366863297676,0.14473409701316214,0.00018145092022878138,0.0002487153289320164,0.17642868556905525,0.75,2
532,eco:b2919,0.015237747213789905,0.14447800601284397,0.0,0.0,0.1750685114667702,1.0,2
533,eco:b0333,0.015262234961012481,0.1445632689258052,0.0018365949525543735,0.0018744805174764506,0.1757939376546556,0.75,2
534,eco:b2920,0.01871229484278935,0.14708043181913957,0.00047178102110997363,0.0005279548942061669,0.182427701062086,0.6,2
535,eco:b0334,0.0006251642843496938,0.12175072524591299,0.00036961634011421334,0.0004153085582804884,0.13942116703270171,0.0,2
536,eco:b0118,7.339785487371479e-05,0.11385659270033786,0.00011663149706126402,0.00012443815030546132,0.12912748296317433,0.0,2
537,eco:b0331,0.0011751691049984778,0.1338227037392936,0.0013306252664484733,0.0012927397015263969,0.15925688988801065,0.75,2
538,eco:b3115,0.004811483283315788,0.12384350818745044,0.0,0.0,0.1451874688000915,1.0,2
539,eco:b3882,0.00011070030650488524,0.12620425512353267,0.0,0.0,0.1450190662921896,1.0,2
540,eco:b1241,0.003381566463979722,0.12494897179024582,0.0,0.0,0.14693065065752794,1.0,2
541,eco:b0529,0.00020995566306297305,0.1211785600765654,9.172569771639191e-05,0.00013703437541688838,0.13952129360181628,0.6666666666666666,1
542,eco:b1606,1.5066128781383626e-05,0.11500584938721922,0.001187561590993323,0.0013405794788146116,0.13264600530650633,0.6,2
543,eco:b2912,0.0002023495042810425,0.12114859505181846,0.0,0.0,0.13897722396090229,1.0,2
544,eco:b3288,6.717696385196784e-05,0.1195813811055782,0.0014779874412475776,0.0017942337722967674,0.1371100758750382,0.6,1
545,eco:b0048,1.2780058246920441e-05,0.11182947235552473,1.2391440562164031e-05,1.4754975056560329e-05,0.12735255314145452,0.9,1
546,eco:b3941,0.00019386816780135653,0.11712285880696961,0.0,0.0,0.13365091262262135,1.0,2
547,eco:b0356,7.592302947054638e-19,0.002176278563656148,0.0,0.0,0.002538991657598839,0.0,2
548,eco:b2154,7.592302947054638e-19,0.002176278563656148,0.0,0.0,0.002538991657598839,0.0,2
549,eco:b0420,0.20058717244492585,0.18152090344185026,0.03907190057940662,0.03449424556175606,0.2338553539315238,0.5795454545454546,1
550,eco:b0383,0.0014102117578689876,0.13673595266244876,0.006763498696755737,0.007189285153622209,0.1630572516589926,0.3333333333333333,2
551,eco:b3993,0.0008277039897142305,0.12926778849328596,0.00484817173852968,0.004841058380405751,0.1505141817437793,0.4,2
552,eco:b1106,0.0008250576564586824,0.12902947547789145,0.0,0.0,0.1489545154398258,1.0,2
553,eco:b0417,0.009000153604657345,0.15416139659834924,0.00538000372743458,0.005104248634058505,0.1861237631912277,0.5714285714285714,1
554,eco:b3990,0.0015141213179594307,0.14350466268000991,0.0024735435219800125,0.0027890038687491243,0.16949787004193947,0.3,2
555,eco:b2103,3.380272230376669e-05,0.1102937682101652,0.0017413048015928925,0.0017462090944884356,0.1236924090297327,0.0,2
556,eco:b4161,0.009000153604657344,0.15416139659834924,0.00538000372743458,0.005104248634058505,0.1861237631912277,0.5714285714285714,1
557,eco:b3994,1.403658918669806e-06,0.09889481598497252,0.0005697857058099852,0.0006621281804559571,0.10988120663039089,0.3333333333333333,2
558,eco:b0423,0.0009156039913492723,0.13426278936408712,0.0016134671321038092,0.0016135234034236206,0.15259235082412462,0.0,2
559,eco:b3992,3.7340733950945855e-05,0.11343480397998469,0.0,0.0,0.12392601655387342,0.0,2
560,eco:b2530,0.013793833163227466,0.15687637476450653,0.0017612140950982631,0.0017509721158084433,0.19137971507394766,0.8,2
561,eco:b3991,0.008623976436538248,0.1526721465844668,0.003428305940810531,0.0039127220904303294,0.17786846812962126,0.16666666666666666,2
562,eco:b2104,3.374546589813619e-05,0.10984863641021388,0.0,0.0,0.1218270274037417,0.0,2
563,eco:b0415,1.500899204045111e-06,0.11188054770256996,0.004104629319473431,0.004102414382017584,0.12739054108749476,0.3333333333333333,1
564,eco:b1662,1.0782026037938877e-06,0.10643600225712663,0.0005106876085184838,0.0005195232891044623,0.11980161810140094,0.7,1
565,eco:b1277,0.012853557330279394,0.15753212809953498,0.007841323480210348,0.008175608064879382,0.1953574414945468,0.7333333333333333,1
566,eco:b0025,1.0924829918022606e-06,0.10652857542716979,0.00022314149689674846,0.00020833236907116592,0.1190412416745392,0.8,1
567,eco:b3041,1.3970427770534855e-05,0.11743166787860831,0.00466566408754332,0.0046511363919014325,0.13967346927965918,0.6666666666666666,1
568,eco:b0937,1.853460220239986e-06,0.11137188415311523,0.0047836346536191555,0.004709725668180198,0.1258461946710048,0.4,2
569,eco:b0414,0.0005249409577516946,0.13170024687891235,0.0063878917753325696,0.006731137189572151,0.15264338188712523,0.0,1
570,eco:b3844,1.0192544456448148e-06,0.10303363162766642,0.0,0.0,0.11455711650216592,1.0,2
571,eco:b3812,2.1718172707670113e-05,0.11984464735556602,0.008763699631937651,0.008983873589998002,0.13739188510679315,0.42857142857142855,2
572,eco:b4055,1.0924829918022606e-06,0.10652857542716979,0.00022314149689674846,0.00020833236907116592,0.1190412416745392,0.8,2
573,eco:b2320,6.977534002247176e-05,0.1234689814489803,0.0008218300435568273,0.0011714140287871818,0.13938041314265529,0.0,2
574,eco:b2927,0.0007696037267895738,0.14283525317479706,0.0017693803195060222,0.0021871839846333116,0.16717467334986358,0.5,2
575,eco:b2418,6.24716925675664e-17,0.003264417845484222,1.1853369083094488e-06,1.1853369083094488e-06,0.003264417845484222,0.6666666666666666,2
576,eco:b1406,4.877642362490595e-17,0.0024483133841131663,0.0,0.0,0.002720348204570185,1.0,2
577,eco:b1638,6.24716925675664e-17,0.003264417845484222,1.1853369083094488e-06,1.1853369083094488e-06,0.003264417845484222,0.6666666666666666,2
578,eco:b2564,4.877642362490595e-17,0.0024483133841131663,0.0,0.0,0.002720348204570185,1.0,2
579,eco:b0052,0.00035059805948683785,0.12450442652847622,0.0,0.0,0.14074054346089213,1.0,2
580,eco:b4390,0.0012003831815152342,0.13804590543520817,0.0006678619395927657,0.0006429972860625893,0.17309239243406813,0.6212121212121212,2
581,eco:b3996,0.0011460442852854484,0.137542088262087,0.00025037457929969094,0.00023525217549057875,0.1708979782157148,0.7090909090909091,2
582,eco:b3962,0.0008878063016563688,0.1426273415981234,0.0017445538626564925,0.001755692428207131,0.17240041121977995,0.8214285714285714,2
583,eco:b1740,0.0008617555476192818,0.13616590283200497,0.0,0.0,0.16437821035209507,1.0,1
584,eco:b1768,0.00010017417588195416,0.11495188136779771,0.0,0.0,0.13656278886148335,1.0,2
585,eco:b1603,0.0008878063016563688,0.1426273415981234,0.0017445538626564925,0.001755692428207131,0.17240041121977992,0.8214285714285714,2
586,eco:b0639,0.0011460442852854484,0.137542088262087,0.00025037457929969094,0.00023525217549057875,0.17089797821571484,0.7090909090909091,1
587,eco:b0931,0.0010659359805913838,0.1352636439507327,0.0009054365996026206,0.0009004681634457268,0.16890729570272542,0.6666666666666666,2
588,eco:b0750,0.00022351194309463737,0.13324039118562792,0.0012899539403689378,0.0014408503255003656,0.1550255511626568,0.0,2
589,eco:b2700,0.0010076436366513505,0.13474282683981129,0.0,0.0,0.1661688118434581,1.0,2
590,eco:b0109,0.001016412360755533,0.13765802708332506,0.0013529349056410804,0.0015626110019898254,0.1700248759824385,0.75,2
591,eco:b2615,0.0008878063016563688,0.1426273415981234,0.0017445538626564925,0.001755692428207131,0.17240041121977992,0.8214285714285714,1
592,eco:b3974,0.0006768583965234818,0.14217205989249967,0.003168577061530031,0.0036883636066143252,0.16999225535678195,0.5,1
593,eco:b3634,0.0007197747083430257,0.13612806846055955,0.00013709941153146186,0.00019950701837983398,0.16368776006969699,0.6,1
594,eco:b3639,0.0006945250158797435,0.1360902551082094,6.297876768432035e-05,9.388856094567757e-05,0.16314369042878293,0.8333333333333334,1
595,eco:b0103,0.0006438427409484582,0.13345816354932005,0.001565698281019945,0.0015700939761441727,0.16035935712214291,0.16666666666666666,1
596,eco:b2563,5.3721634757085655e-05,0.11293797104415719,5.926684541547244e-07,5.926684541547244e-07,0.12861159968069685,0.0,1
597,eco:b0404,0.0006721952755117114,0.13349452817154056,0.0016038926117995212,0.0015994969166752933,0.16090342676305694,0.3,2
598,eco:b0425,5.999697143025967e-05,0.12187187024615768,0.00017058055550999964,0.00023644007032547418,0.14016763070081933,0.0,2
599,eco:b0134,0.001249608684119636,0.13029918042275368,0.0008562839271542866,0.0008405437363093343,0.15223903167319924,0.6,2
600,eco:b3475,5.3721634757085655e-05,0.11293797104415719,5.926684541547244e-07,5.926684541547244e-07,0.12861159968069683,0.0,2
601,eco:b0776,2.668095556767458e-06,0.09364008379005236,0.00789434380934093,0.00789434380934093,0.10494291450013811,0.3333333333333333,2
602,eco:b0774,1.0898743627273725e-07,0.08312265327274412,0.006324957742739219,0.006324957742739219,0.09156131363213908,0.0,2
603,eco:b3973,7.779600642429803e-12,0.06207081190796324,0.0,0.0,0.0668536193777747,1.0,1
604,eco:b3412,3.30836839732414e-06,0.09371172884268436,4.899392554345722e-05,5.347693051719167e-05,0.1056139337239321,0.6666666666666666,2
605,eco:b0777,6.882504207286477e-05,0.1066909665482478,0.0,0.0,0.1210599686252574,1.0,2
606,eco:b1593,4.453710030399377e-09,0.07470645294137754,0.004750830328504271,0.004750830328504271,0.08166287817746412,0.0,2
607,eco:b0775,1.824677842663113e-10,0.06781906400741333,0.003171961566636085,0.003171961566636085,0.07407193970417279,0.3333333333333333,2
608,eco:b3551,7.779600642429803e-12,0.06207081190796324,0.0,0.0,0.06685361937777473,1.0,2
609,eco:b0628,1.1507046020379878e-05,0.09362218964065619,0.0007929903916590212,0.0007929903916590212,0.10652330726660272,0.7,2
610,eco:b0630,1.1507046020379878e-05,0.09362218964065619,0.0007929903916590212,0.0007929903916590212,0.10652330726660271,0.7,2
611,eco:b4386,9.385437070691477e-07,0.08300998278372651,0.0,0.0,0.09137218466172609,1.0,2
612,eco:b0827,3.587208961668236e-08,0.0848795769905672,0.003171961566636085,0.003171961566636085,0.09256285108634237,0.3333333333333333,2
613,eco:b3857,1.527637032437785e-09,0.07606348678614407,0.0,0.0,0.0817447664258377,1.0,2
614,eco:b1096,3.892390703216513e-07,0.10025064833017268,0.0009520388653506345,0.0013250861307190316,0.11230735169799401,0.0,2
615,eco:b3177,3.0248429692607148e-06,0.10933383583788304,0.0018997981878115476,0.002391319214471834,0.12399624163770008,0.16666666666666666,2
616,eco:b2765,0.0006391375522543966,0.13155878581889202,0.004750830328504271,0.004750830328504271,0.1548772077879805,0.6,2
617,eco:b0785,2.1440874510376384e-05,0.1102937682101652,0.006324957742739219,0.006324957742739219,0.12306899816421075,0.0,2
618,eco:b0782,8.759937171389176e-07,0.09595082616324987,0.004750830328504271,0.004750830328504271,0.10531740097364538,0.0,2
619,eco:b1865,0.0006381143875623623,0.13145288929153578,0.0,0.0,0.15406110332660944,1.0,2
620,eco:b2303,0.0006381143875623623,0.13145288929153578,0.0,0.0,0.15406110332660944,1.0,2
621,eco:b0142,2.502852211692822e-06,0.10441707553059545,0.0,0.0,0.11581617059038207,1.0,1
622,eco:b0781,0.012853556877077909,0.15702721743254933,0.009499768704254103,0.009498548710850417,0.19467864984731115,0.7333333333333333,2
623,eco:b0783,0.0005249295435647457,0.12960976676972324,0.00789434380934093,0.00789434380934093,0.14939549025512053,0.0,2
624,eco:b3058,5.834082413168421e-05,0.12043385407806143,0.004177725926160474,0.004528432390405754,0.13829538252824478,0.16666666666666666,1
625,eco:b2315,1.2898722139632452e-05,0.11293797104415719,0.0013886109233342391,0.0017069361245082406,0.12928961378362944,0.6,1
626,eco:b2153,0.012963282167054429,0.15809129344612902,0.012044914981982213,0.012757108591838862,0.19808815293037246,0.5,1
627,eco:b2777,2.6106810406207667e-05,0.11160020920035395,0.003171961566636085,0.003171961566636085,0.1256179212517628,0.0,2
628,eco:b0444,1.0666998408168156e-06,0.0968613915360921,0.0015883514571346615,0.0015883514571346615,0.10641240982164657,0.0,2
629,eco:b2794,4.3535148782475365e-08,0.08553158491437741,0.0,0.0,0.09198376628527717,0.0,2
630,eco:b3360,6.493504887721992e-06,0.10574679870268808,0.001608523217657346,0.0018377306283054483,0.12149901241304978,0.5,2
631,eco:b2877,1.527637032437785e-09,0.07606348678614407,0.0,0.0,0.0817447664258377,1.0,2
632,eco:b3368,8.17212497816222e-13,0.06120236332161823,0.0,0.0,0.06578831345134128,0.0,2
633,eco:b3803,1.8545441028817346e-11,0.06679276324329296,0.0015883514571346615,0.001588351457134661,0.07369517646016266,0.3333333333333333,2
634,eco:b1993,1.738357980898127e-18,0.0030226091161890947,9.48269526647559e-06,9.48269526647559e-06,0.003627130939426913,0.0,2
635,eco:b1992,2.4584063234792664e-18,0.00388621172081455,1.896539053295118e-05,1.896539053295118e-05,0.004352557127312296,0.0,2
636,eco:b0638,1.738357980898127e-18,0.0030226091161890947,9.48269526647559e-06,9.48269526647559e-06,0.0036271309394269135,0.0,2
637,eco:b1991,8.998418597535691e-19,0.0020925755419770654,0.0,0.0,0.002629669931084512,0.0,2
638,eco:b2459,1.2725625559395713e-18,0.0024730438223365316,0.0,0.0,0.0029017047515415306,0.0,2
639,eco:b0428,2.523314049003245e-16,0.04900719399715453,0.0,0.0,0.052319268321333476,0.0,2
640,eco:b0475,4.06665326387853e-15,0.05252759926981387,0.0015883514571346615,0.001588351457134661,0.05714992456693333,0.0,1
641,eco:b3336,6.641803599604241e-27,0.0,0.0,0.0,0.0,0.0,2
642,eco:b0154,5.751806483321723e-06,0.10386366724391645,0.017211091908653196,0.017211091908653196,0.11605643178004472,0.0,1
643,eco:b1210,0.00014007620191643192,0.12040425617831259,0.018747288541822244,0.01874728854182224,0.13892450192776667,0.0,1
644,eco:b2400,0.003419397954246564,0.14312734980705635,0.020281515928958806,0.020281356956451373,0.17835145751359002,0.8241758241758241,1
645,eco:b1270,8.998418597535691e-19,0.0020925755419770654,0.0,0.0,0.002629669931084512,0.0,2
646,eco:b3850,8.029379303236312e-14,0.056579849681204976,0.003171961566636085,0.0031719615666360845,0.062427275486000154,0.3333333333333333,1
647,eco:b2436,8.633115644923306e-13,0.061286579733494356,0.002371859153527207,0.0023718591535272066,0.06783764243211751,0.6666666666666666,2
648,eco:b3867,8.633115644923306e-13,0.061286579733494356,0.002371859153527207,0.0023718591535272066,0.06783764243211751,0.6666666666666666,2
649,eco:b0369,2.3713676017799444e-07,0.09128468760751889,0.015670153927850913,0.01567015392785091,0.10055538253307608,0.0,1
650,eco:b3805,9.844023709779228e-09,0.08139639780520914,0.014124474599415392,0.014124474599415392,0.08933259838655762,0.0,1
651,eco:b3804,4.1421390553563334e-10,0.0734189897182008,0.012574053923346633,0.012574053923346633,0.08125336031468058,0.3333333333333333,1
652,eco:b3997,1.8585802350867146e-11,0.06682920725542953,0.00789434380934093,0.00789434380934093,0.07456568788562513,0.3333333333333333,2
653,eco:b3187,9.70479717807928e-08,0.093017831477037,0.005621881216721543,0.005584422398550739,0.10676111308592298,0.3333333333333333,1
654,eco:b0421,4.253515721873804e-09,0.0830803660148472,0.0020277209894274464,0.00203472707253932,0.09428406090058812,0.3333333333333333,1
655,eco:b2889,2.2270996416019328e-10,0.07599269712882796,0.0,0.0,0.0835859485518646,1.0,2
656,eco:b2515,2.3748488763948914e-08,0.084732777307083,0.001689954446353954,0.0017893378993180011,0.09183915814284535,0.0,1
657,eco:b0029,1.1527417255012613e-09,0.08059301174363445,0.000857405439447818,0.0010020430044662282,0.08874726605476184,0.3333333333333333,1
658,eco:b0173,0.008542407296041039,0.14646484854695183,0.007456170062424434,0.007493014197593371,0.1709788035685749,0.3333333333333333,1
659,eco:b2747,0.00034879696343142824,0.12275743382349132,0.005925208667267093,0.005966497815842186,0.13696173250036212,0.0,1
660,eco:b1208,1.4241627999952013e-05,0.10609028115841358,0.00443151260087625,0.004483937677774144,0.11576967193126098,0.0,1
661,eco:b2746,5.814828625521655e-07,0.09401744739772672,0.0030038426225089698,0.003065879623133273,0.10158314707617046,0.0,1
662,eco:b0174,5.1639997420423636e-09,0.08340567218072079,0.0013213019659864648,0.0014200451402635503,0.09419542795494948,0.3333333333333333,1
663,eco:b0340,5.811195913856555e-19,0.0019344698343610205,0.0,0.0,0.0023576351106274936,0.0,2
664,eco:b0339,1.0737461228832473e-18,0.0029017047515415306,7.1120214498566925e-06,7.1120214498566925e-06,0.003264417845484222,0.0,2
665,eco:b1468,7.31559203196981e-07,0.09183222462784514,7.902246055396325e-07,7.902246055396324e-07,0.10218413251601535,0.6666666666666666,2
666,eco:b3366,8.564881622486107e-06,0.10495392424797641,0.0015836101095014236,0.0015836101095014236,0.11970181613816037,0.3333333333333333,2
667,eco:b4070,8.564881622486107e-06,0.10495392424797641,0.0015836101095014236,0.0015836101095014236,0.11970181613816036,0.3333333333333333,2
668,eco:b2206,7.31559203196981e-07,0.09183222462784514,7.902246055396325e-07,7.902246055396324e-07,0.10218413251601532,0.6666666666666666,2
669,eco:b1469,6.641803599604241e-27,0.0,0.0,0.0,0.0,0.0,2
670,eco:b0873,8.50475199974747e-06,0.10486406643612026,0.0,0.0,0.1182509637623896,0.0,2
671,eco:b3425,7.1063341054104844e-06,0.11160020920035395,0.0016707590595255967,0.0016052044602266982,0.1280565855375434,0.6,2
672,eco:b1670,5.854611265415853e-07,0.09684224518473096,0.0,0.0,0.10700432139496374,1.0,2
673,eco:b2764,7.1063341054104844e-06,0.11160020920035395,0.0016707590595255967,0.0016052044602266982,0.12805658553754343,0.6,2
674,eco:b0936,6.641803599604241e-27,0.0,0.0,0.0,0.0,0.0,2
675,eco:b0367,6.641803599604241e-27,0.0,0.0,0.0,0.0,0.0,2
676,eco:b2762,7.107453134828068e-06,0.11165107529388192,0.005628598996370847,0.005563044397071943,0.12878201172542883,0.4,2
677,eco:b3917,6.641803599604241e-27,0.0,0.0,0.0,0.0,0.0,2
678,eco:b4214,3.065808008382229e-07,0.09691887604145479,0.0007929903916590212,0.0007929903916590212,0.10800178240330613,0.6666666666666666,2
679,eco:b0893,0.0013746982814858586,0.12653019586507075,0.0015883514571346615,0.0015883514571346615,0.145640361935248,0.3333333333333333,1
680,eco:b0194,0.00014653327841923728,0.11943562125537638,0.0,0.0,0.13793226178971588,1.0,1
681,eco:b1637,0.001176344112163791,0.13816269554132934,0.0005788272349423808,0.0005286209281317126,0.16462885138075545,0.5,1
682,eco:b4129,9.729970058220844e-13,0.06269835147038058,0.0,0.0,0.06792908131028957,1.0,2
683,eco:b0680,0.0004614133050457005,0.12798456593248533,0.0,0.0,0.14917931482131708,1.0,1
684,eco:b2697,0.008756885420558505,0.14163773298339227,0.0,0.0,0.16586466670797442,1.0,1
685,eco:b1866,0.00046519636848614624,0.1351144286788621,0.0,0.0,0.15982124211177529,1.0,1
686,eco:b0930,6.0385678558734774e-05,0.11436155891446169,0.0,0.0,0.12929344866232823,1.0,1
687,eco:b0026,0.0010798581740027186,0.12954122643827443,0.0,0.0,0.1484668154961953,0.0,1
688,eco:b4258,0.001132513559182283,0.12957548754021525,0.0,0.0,0.14901088513710928,1.0,1
689,eco:b0642,0.0010798581740027186,0.12954122643827443,0.0,0.0,0.1484668154961953,0.0,1
690,eco:b0526,0.01375795604413901,0.1567258216217383,0.0,0.0,0.19047293233909096,1.0,1
691,eco:b1876,6.485426167884773e-09,0.08211949688058227,0.0,0.0,0.09288459092594066,1.0,1
692,eco:b3384,1.9711091475678808e-11,0.06668366930577839,0.0,0.0,0.07180621983299962,0.0,1
693,eco:b2514,6.641803599604241e-27,0.0,0.0,0.0,0.0,0.0,1
694,eco:b1714,0.0011658943540248752,0.1379293126096717,0.0005788272349423808,0.0005286209281317126,0.1642207991500699,0.5,1
695,eco:b1719,0.0007948751898720219,0.1272532255557283,0.0,0.0,0.14645517099271202,1.0,1
696,eco:b3560,0.004499175967735023,0.1337496364699847,0.0,0.0,0.15987072714493822,1.0,1
697,eco:b0595,2.2565628200990698e-06,0.1035782068476858,0.0015883514571346615,0.0015883514571346615,0.1172612872558469,0.3333333333333333,2
698,eco:b0596,9.235360964323897e-08,0.09072683673880627,0.0,0.0,0.09929131592624554,0.0,2
699,eco:b3396,6.641803599604241e-27,0.0,0.0,0.0,0.0,0.0,2
700,eco:b1329,6.641803599604241e-27,0.0,0.0,0.0,0.0,0.0,2
701,eco:b0084,6.641803599604241e-27,0.0,0.0,0.0,0.0,0.0,1
702,eco:b0929,6.641803599604241e-27,0.0,0.0,0.0,0.0,0.0,2
703,eco:b0433,6.641803599604241e-27,0.0,0.0,0.0,0.0,0.0,2
704,eco:b0635,6.641803599604241e-27,0.0,0.0,0.0,0.0,0.0,1
705,eco:b4150,6.641803599604241e-27,0.0,0.0,0.0,0.0,0.0,2
706,eco:b2215,6.641803599604241e-27,0.0,0.0,0.0,0.0,0.0,2
707,eco:b4113,6.641803599604241e-27,0.0,0.0,0.0,0.0,0.0,2
708,eco:b1130,6.641803599604241e-27,0.0,0.0,0.0,0.0,0.0,2
709,eco:b4112,6.641803599604241e-27,0.0,0.0,0.0,0.0,0.0,2
710,eco:b3035,6.641803599604241e-27,0.0,0.0,0.0,0.0,0.0,2
711,eco:b4698,6.641803599604241e-27,0.0,0.0,0.0,0.0,0.0,2
712,eco:b3546,6.641803599604241e-27,0.0,0.0,0.0,0.0,0.0,2
713,eco:b1129,6.641803599604241e-27,0.0,0.0,0.0,0.0,0.0,2
714,eco:b3912,6.641803599604241e-27,0.0,0.0,0.0,0.0,0.0,2
715,eco:b4169,6.641803599604241e-27,0.0,0.0,0.0,0.0,0.0,2
716,eco:b3860,6.641803599604241e-27,0.0,0.0,0.0,0.0,0.0,2
717,eco:b2259,6.641803599604241e-27,0.0,0.0,0.0,0.0,0.0,2
718,eco:b4544,6.641803599604241e-27,0.0,0.0,0.0,0.0,0.0,2
719,eco:b3911,6.641803599604241e-27,0.0,0.0,0.0,0.0,0.0,2
720,eco:b0463,6.641803599604241e-27,0.0,0.0,0.0,0.0,0.0,2
721,eco:b0462,6.641803599604241e-27,0.0,0.0,0.0,0.0,0.0,2
722,eco:b1531,6.641803599604241e-27,0.0,0.0,0.0,0.0,0.0,2
723,eco:b1291,6.641803599604241e-27,0.0,0.0,0.0,0.0,0.0,2
724,eco:b1293,6.641803599604241e-27,0.0,0.0,0.0,0.0,0.0,2
725,eco:b0192,6.641803599604241e-27,0.0,0.0,0.0,0.0,0.0,2
726,eco:b3363,6.641803599604241e-27,0.0,0.0,0.0,0.0,0.0,2
727,eco:b2258,6.641803599604241e-27,0.0,0.0,0.0,0.0,0.0,2
728,eco:b0161,6.641803599604241e-27,0.0,0.0,0.0,0.0,0.0,2
729,eco:b2257,6.641803599604241e-27,0.0,0.0,0.0,0.0,0.0,2
730,eco:b4114,6.641803599604241e-27,0.0,0.0,0.0,0.0,0.0,2
731,eco:b1290,6.641803599604241e-27,0.0,0.0,0.0,0.0,0.0,2
732,eco:b1292,6.641803599604241e-27,0.0,0.0,0.0,0.0,0.0,2
733,eco:b1294,6.641803599604241e-27,0.0,0.0,0.0,0.0,0.0,2
734,eco:b0622,6.641803599604241e-27,0.0,0.0,0.0,0.0,0.0,2
735,eco:b4035,6.641803599604241e-27,0.0,0.0,0.0,0.0,0.0,2
736,eco:b0262,6.641803599604241e-27,0.0,0.0,0.0,0.0,0.0,2
737,eco:b2220,6.641803599604241e-27,0.0,0.0,0.0,0.0,0.0,2
738,eco:b0571,6.641803599604241e-27,0.0,0.0,0.0,0.0,0.0,2
739,eco:b0572,6.641803599604241e-27,0.0,0.0,0.0,0.0,0.0,2
740,eco:b0574,6.641803599604241e-27,0.0,0.0,0.0,0.0,0.0,2
741,eco:b0575,6.641803599604241e-27,0.0,0.0,0.0,0.0,0.0,2
742,eco:b0573,6.641803599604241e-27,0.0,0.0,0.0,0.0,0.0,2
743,eco:b2193,6.641803599604241e-27,0.0,0.0,0.0,0.0,0.0,2
744,eco:b1476,6.641803599604241e-27,0.0,0.0,0.0,0.0,0.0,2
745,eco:b1071,6.641803599604241e-27,0.0,0.0,0.0,0.0,0.0,2
746,eco:b1922,6.641803599604241e-27,0.0,0.0,0.0,0.0,0.0,2
747,eco:b2223,6.641803599604241e-27,0.0,0.0,0.0,0.0,0.0,2
748,eco:b1475,6.641803599604241e-27,0.0,0.0,0.0,0.0,0.0,2
749,eco:b2221,6.641803599604241e-27,0.0,0.0,0.0,0.0,0.0,2
750,eco:b3669,6.641803599604241e-27,0.0,0.0,0.0,0.0,0.0,2
751,eco:b3666,6.641803599604241e-27,0.0,0.0,0.0,0.0,0.0,2
752,eco:b3667,6.641803599604241e-27,0.0,0.0,0.0,0.0,0.0,2
753,eco:b4004,6.641803599604241e-27,0.0,0.0,0.0,0.0,0.0,2
754,eco:b4002,6.641803599604241e-27,0.0,0.0,0.0,0.0,0.0,2
755,eco:b4124,6.641803599604241e-27,0.0,0.0,0.0,0.0,0.0,2
756,eco:b4123,6.641803599604241e-27,0.0,0.0,0.0,0.0,0.0,2
757,eco:b1474,6.641803599604241e-27,0.0,0.0,0.0,0.0,0.0,2
758,eco:b3668,6.641803599604241e-27,0.0,0.0,0.0,0.0,0.0,2
759,eco:b0619,6.641803599604241e-27,0.0,0.0,0.0,0.0,0.0,2
760,eco:b2079,6.641803599604241e-27,0.0,0.0,0.0,0.0,0.0,2
761,eco:b2075,6.641803599604241e-27,0.0,0.0,0.0,0.0,0.0,2
762,eco:b1222,6.641803599604241e-27,0.0,0.0,0.0,0.0,0.0,2
763,eco:b1221,6.641803599604241e-27,0.0,0.0,0.0,0.0,0.0,2
764,eco:b4153,6.641803599604241e-27,0.0,0.0,0.0,0.0,0.0,2
765,eco:b3025,6.641803599604241e-27,0.0,0.0,0.0,0.0,0.0,2
766,eco:b1892,6.641803599604241e-27,0.0,0.0,0.0,0.0,0.0,2
767,eco:b0620,6.641803599604241e-27,0.0,0.0,0.0,0.0,0.0,2
768,eco:b0564,6.641803599604241e-27,0.0,0.0,0.0,0.0,0.0,2
769,eco:b0993,6.641803599604241e-27,0.0,0.0,0.0,0.0,0.0,2
770,eco:b0613,6.641803599604241e-27,0.0,0.0,0.0,0.0,0.0,2
771,eco:b2219,6.641803599604241e-27,0.0,0.0,0.0,0.0,0.0,2
772,eco:b2216,6.641803599604241e-27,0.0,0.0,0.0,0.0,0.0,2
773,eco:b0695,6.641803599604241e-27,0.0,0.0,0.0,0.0,0.0,2
774,eco:b0614,6.641803599604241e-27,0.0,0.0,0.0,0.0,0.0,2
775,eco:b3026,6.641803599604241e-27,0.0,0.0,0.0,0.0,0.0,2
776,eco:b0694,6.641803599604241e-27,0.0,0.0,0.0,0.0,0.0,2
777,eco:b0697,6.641803599604241e-27,0.0,0.0,0.0,0.0,0.0,2
778,eco:b0400,6.641803599604241e-27,0.0,0.0,0.0,0.0,0.0,2
779,eco:b0399,6.641803599604241e-27,0.0,0.0,0.0,0.0,0.0,2
780,eco:b0696,6.641803599604241e-27,0.0,0.0,0.0,0.0,0.0,2
781,eco:b4399,6.641803599604241e-27,0.0,0.0,0.0,0.0,0.0,2
782,eco:b4398,6.641803599604241e-27,0.0,0.0,0.0,0.0,0.0,2
783,eco:b1923,6.641803599604241e-27,0.0,0.0,0.0,0.0,0.0,2
784,eco:b0995,6.641803599604241e-27,0.0,0.0,0.0,0.0,0.0,2
785,eco:b0996,6.641803599604241e-27,0.0,0.0,0.0,0.0,0.0,2
786,eco:b0570,6.641803599604241e-27,0.0,0.0,0.0,0.0,0.0,2
787,eco:b2470,6.641803599604241e-27,0.0,0.0,0.0,0.0,0.0,2
788,eco:b4513,6.641803599604241e-27,0.0,0.0,0.0,0.0,0.0,2
789,eco:b3405,6.641803599604241e-27,0.0,0.0,0.0,0.0,0.0,2
790,eco:b0616,6.641803599604241e-27,0.0,0.0,0.0,0.0,0.0,2
791,eco:b1890,6.641803599604241e-27,0.0,0.0,0.0,0.0,0.0,2
792,eco:b0617,6.641803599604241e-27,0.0,0.0,0.0,0.0,0.0,2
793,eco:b1884,6.641803599604241e-27,0.0,0.0,0.0,0.0,0.0,2
794,eco:b4355,6.641803599604241e-27,0.0,0.0,0.0,0.0,0.0,2
795,eco:b1609,6.641803599604241e-27,0.0,0.0,0.0,0.0,0.0,2
796,eco:b1608,6.641803599604241e-27,0.0,0.0,0.0,0.0,0.0,2
797,eco:b1883,6.641803599604241e-27,0.0,0.0,0.0,0.0,0.0,2
798,eco:b4151,6.641803599604241e-27,0.0,0.0,0.0,0.0,0.0,2
799,eco:b3210,6.641803599604241e-27,0.0,0.0,0.0,0.0,0.0,2
800,eco:b4401,6.641803599604241e-27,0.0,0.0,0.0,0.0,0.0,2
801,eco:b0167,6.641803599604241e-27,0.0,0.0,0.0,0.0,0.0,2
802,eco:b2553,6.641803599604241e-27,0.0,0.0,0.0,0.0,0.0,2
803,eco:b4125,6.641803599604241e-27,0.0,0.0,0.0,0.0,0.0,2
804,eco:b3869,6.641803599604241e-27,0.0,0.0,0.0,0.0,0.0,2
805,eco:b3868,6.641803599604241e-27,0.0,0.0,0.0,0.0,0.0,2
806,eco:b1465,6.641803599604241e-27,0.0,0.0,0.0,0.0,0.0,2
807,eco:b2469,6.641803599604241e-27,0.0,0.0,0.0,0.0,0.0,2
808,eco:b4441,6.641803599604241e-27,0.0,0.0,0.0,0.0,0.0,2
809,eco:b2076,6.641803599604241e-27,0.0,0.0,0.0,0.0,0.0,2
810,eco:b2786,6.641803599604241e-27,0.0,0.0,0.0,0.0,0.0,2
811,eco:b1914,6.641803599604241e-27,0.0,0.0,0.0,0.0,0.0,2
812,eco:b2078,6.641803599604241e-27,0.0,0.0,0.0,0.0,0.0,2
813,eco:b0618,6.641803599604241e-27,0.0,0.0,0.0,0.0,0.0,2
814,eco:b2556,6.641803599604241e-27,0.0,0.0,0.0,0.0,0.0,2
815,eco:b3404,6.641803599604241e-27,0.0,0.0,0.0,0.0,0.0,2
816,eco:b0998,6.641803599604241e-27,0.0,0.0,0.0,0.0,0.0,2
817,eco:b4003,6.641803599604241e-27,0.0,0.0,0.0,0.0,0.0,2
818,eco:b2370,6.641803599604241e-27,0.0,0.0,0.0,0.0,0.0,2
819,eco:b2369,6.641803599604241e-27,0.0,0.0,0.0,0.0,0.0,2
820,eco:b1466,6.641803599604241e-27,0.0,0.0,0.0,0.0,0.0,2
821,eco:b2074,6.641803599604241e-27,0.0,0.0,0.0,0.0,0.0,2
822,eco:b2696,6.641803599604241e-27,0.0,0.0,0.0,0.0,0.0,1
823,eco:b1916,6.641803599604241e-27,0.0,0.0,0.0,0.0,0.0,2
824,eco:b1891,6.641803599604241e-27,0.0,0.0,0.0,0.0,0.0,2
825,eco:b0698,6.641803599604241e-27,0.0,0.0,0.0,0.0,0.0,2
826,eco:b1882,6.641803599604241e-27,0.0,0.0,0.0,0.0,0.0,2
827,eco:b4152,6.641803599604241e-27,0.0,0.0,0.0,0.0,0.0,2
828,eco:b0997,6.641803599604241e-27,0.0,0.0,0.0,0.0,0.0,2
829,eco:b0615,6.641803599604241e-27,0.0,0.0,0.0,0.0,0.0,2
830,eco:b2367,6.641803599604241e-27,0.0,0.0,0.0,0.0,0.0,2
831,eco:b2368,6.641803599604241e-27,0.0,0.0,0.0,0.0,0.0,2
832,eco:b0612,6.641803599604241e-27,0.0,0.0,0.0,0.0,0.0,2
833,eco:b1467,6.641803599604241e-27,0.0,0.0,0.0,0.0,0.0,2
834,eco:b1512,6.641803599604241e-27,0.0,0.0,0.0,0.0,0.0,2
835,eco:b2554,6.641803599604241e-27,0.0,0.0,0.0,0.0,0.0,2
836,eco:b1513,6.641803599604241e-27,0.0,0.0,0.0,0.0,0.0,2
837,eco:b1516,6.641803599604241e-27,0.0,0.0,0.0,0.0,0.0,2
838,eco:b1514,6.641803599604241e-27,0.0,0.0,0.0,0.0,0.0,2
839,eco:b1518,6.641803599604241e-27,0.0,0.0,0.0,0.0,0.0,2
840,eco:b1515,6.641803599604241e-27,0.0,0.0,0.0,0.0,0.0,2
841,eco:b1517,6.641803599604241e-27,0.0,0.0,0.0,0.0,0.0,2
842,eco:b1492,6.641803599604241e-27,0.0,0.0,0.0,0.0,0.0,2
843,eco:b3357,6.641803599604241e-27,0.0,0.0,0.0,0.0,0.0,2
844,eco:b4046,6.641803599604241e-27,0.0,0.0,0.0,0.0,0.0,2
845,eco:b1511,6.641803599604241e-27,0.0,0.0,0.0,0.0,0.0,2
846,eco:b1341,6.641803599604241e-27,0.0,0.0,0.0,0.0,0.0,2
847,eco:b2127,6.641803599604241e-27,0.0,0.0,0.0,0.0,0.0,2
848,eco:b1285,6.641803599604241e-27,0.0,0.0,0.0,0.0,0.0,2
849,eco:b2067,6.641803599604241e-27,0.0,0.0,0.0,0.0,0.0,2
850,eco:b1194,6.641803599604241e-27,0.0,0.0,0.0,0.0,0.0,2
851,eco:b4445,6.641803599604241e-27,0.0,0.0,0.0,0.0,0.0,2
852,eco:b4426,6.641803599604241e-27,0.0,0.0,0.0,0.0,0.0,2
853,eco:b2062,6.641803599604241e-27,0.0,0.0,0.0,0.0,0.0,2
854,eco:b1040,6.641803599604241e-27,0.0,0.0,0.0,0.0,0.0,2
855,eco:b2741,6.641803599604241e-27,0.0,0.0,0.0,0.0,0.0,2
856,eco:b4597,6.641803599604241e-27,0.0,0.0,0.0,0.0,0.0,2
857,eco:b2479,6.641803599604241e-27,0.0,0.0,0.0,0.0,0.0,2
858,eco:b4443,6.641803599604241e-27,0.0,0.0,0.0,0.0,0.0,2
859,eco:b4408,6.641803599604241e-27,0.0,0.0,0.0,0.0,0.0,2
860,eco:b2808,6.641803599604241e-27,0.0,0.0,0.0,0.0,0.0,2
861,eco:b1815,6.641803599604241e-27,0.0,0.0,0.0,0.0,0.0,2
862,eco:b4457,6.641803599604241e-27,0.0,0.0,0.0,0.0,0.0,2
863,eco:b4431,6.641803599604241e-27,0.0,0.0,0.0,0.0,0.0,2
864,eco:b0145,6.641803599604241e-27,0.0,0.0,0.0,0.0,0.0,2
865,eco:b2000,6.641803599604241e-27,0.0,0.0,0.0,0.0,0.0,2
866,eco:b0385,6.641803599604241e-27,0.0,0.0,0.0,0.0,0.0,2
867,eco:b1921,6.641803599604241e-27,0.0,0.0,0.0,0.0,0.0,2
868,eco:b3525,6.641803599604241e-27,0.0,0.0,0.0,0.0,0.0,2
869,eco:b4458,6.641803599604241e-27,0.0,0.0,0.0,0.0,0.0,2
870,eco:b1043,6.641803599604241e-27,0.0,0.0,0.0,0.0,0.0,2
871,eco:b3961,6.641803599604241e-27,0.0,0.0,0.0,0.0,0.0,2
872,eco:b4450,6.641803599604241e-27,0.0,0.0,0.0,0.0,0.0,2
873,eco:b1022,6.641803599604241e-27,0.0,0.0,0.0,0.0,0.0,2
874,eco:b2217,6.641803599604241e-27,0.0,0.0,0.0,0.0,0.0,2
875,eco:b3428,6.641803599604241e-27,0.0,0.0,0.0,0.0,0.0,2
876,eco:b1024,6.641803599604241e-27,0.0,0.0,0.0,0.0,0.0,2
877,eco:b1041,6.641803599604241e-27,0.0,0.0,0.0,0.0,0.0,2
878,eco:b1021,6.641803599604241e-27,0.0,0.0,0.0,0.0,0.0,2
879,eco:b2218,6.641803599604241e-27,0.0,0.0,0.0,0.0,0.0,2
880,eco:b1042,6.641803599604241e-27,0.0,0.0,0.0,0.0,0.0,2
881,eco:b1023,6.641803599604241e-27,0.0,0.0,0.0,0.0,0.0,2
882,eco:b1954,6.641803599604241e-27,0.0,0.0,0.0,0.0,0.0,2
883,eco:b3072,6.641803599604241e-27,0.0,0.0,0.0,0.0,0.0,2
884,eco:b3544,6.641803599604241e-27,0.0,0.0,0.0,0.0,0.0,2
885,eco:b1885,6.641803599604241e-27,0.0,0.0,0.0,0.0,0.0,2
886,eco:b2150,6.641803599604241e-27,0.0,0.0,0.0,0.0,0.0,2
887,eco:b1421,6.641803599604241e-27,0.0,0.0,0.0,0.0,0.0,2
888,eco:b3751,6.641803599604241e-27,0.0,0.0,0.0,0.0,0.0,2
889,eco:b4034,6.641803599604241e-27,0.0,0.0,0.0,0.0,0.0,2
890,eco:b1886,6.641803599604241e-27,0.0,0.0,0.0,0.0,0.0,2
891,eco:b1881,6.641803599604241e-27,0.0,0.0,0.0,0.0,0.0,2
892,eco:b1888,6.641803599604241e-27,0.0,0.0,0.0,0.0,0.0,2
893,eco:b1946,6.641803599604241e-27,0.0,0.0,0.0,0.0,0.0,2
894,eco:b2415,6.641803599604241e-27,0.0,0.0,0.0,0.0,0.0,2
895,eco:b0731,6.641803599604241e-27,0.0,0.0,0.0,0.0,0.0,2
896,eco:b3133,6.641803599604241e-27,0.0,0.0,0.0,0.0,0.0,2
897,eco:b3206,6.641803599604241e-27,0.0,0.0,0.0,0.0,0.0,2
898,eco:b3204,6.641803599604241e-27,0.0,0.0,0.0,0.0,0.0,2
899,eco:b3722,6.641803599604241e-27,0.0,0.0,0.0,0.0,0.0,2
900,eco:b3947,6.641803599604241e-27,0.0,0.0,0.0,0.0,0.0,2
901,eco:b2829,6.641803599604241e-27,0.0,0.0,0.0,0.0,0.0,2
902,eco:b4407,6.641803599604241e-27,0.0,0.0,0.0,0.0,0.0,2
903,eco:b0826,6.641803599604241e-27,0.0,0.0,0.0,0.0,0.0,2
904,eco:b1757,6.641803599604241e-27,0.0,0.0,0.0,0.0,0.0,2
905,eco:b3345,6.641803599604241e-27,0.0,0.0,0.0,0.0,0.0,2
906,eco:b3344,6.641803599604241e-27,0.0,0.0,0.0,0.0,0.0,2
907,eco:b3343,6.641803599604241e-27,0.0,0.0,0.0,0.0,0.0,2
908,eco:b0969,6.641803599604241e-27,0.0,0.0,0.0,0.0,0.0,2
909,eco:b0784,6.641803599604241e-27,0.0,0.0,0.0,0.0,0.0,2
910,eco:b1133,6.641803599604241e-27,0.0,0.0,0.0,0.0,0.0,1
911,eco:b3470,6.641803599604241e-27,0.0,0.0,0.0,0.0,0.0,2
