,ec,eigenvector_centrality,subgraph_centrality,clustering_coefficient,class
0,eco:b2388,6.222051071017059e-05,5.646750970238246e-08,0.5054945054945055,2
1,eco:b3885,1.8634630086803965e-05,7.427068607496994e-09,0.5277777777777778,2
2,eco:b3879,3.282711291996863e-05,4.933505238216523e-09,0.3333333333333333,2
3,eco:b3721,3.524525807964065e-05,3.872944332656515e-08,0.4696969696969697,2
4,eco:b4025,0.00026896499618706286,2.0371480959279155e-07,0.4411764705882353,2
5,eco:b1780,2.4611441292904174e-05,1.3003933388480448e-08,1.0,2
6,eco:b2417,5.984077533452915e-05,5.198298409957427e-08,0.6666666666666666,2
7,eco:b0688,0.00017598257739437863,9.226870745706704e-08,0.28654970760233917,2
8,eco:b4232,0.0012066177935951272,1.544403334505502e-06,0.7272727272727273,2
9,eco:b3916,0.0020415327629431977,4.262080740510186e-06,0.47619047619047616,2
10,eco:b2925,0.02324030133308499,0.0005401393384672829,0.34558823529411764,1
11,eco:b3919,0.023029340958534032,0.0005303693863002118,0.5384615384615384,2
12,eco:b1779,0.021099890355899785,0.0004452044381973921,0.75,1
13,eco:b2926,0.0009392878366979014,8.825483983885864e-07,0.5,1
14,eco:b0755,0.0008964289368469264,8.038620251460991e-07,0.6,2
15,eco:b2779,0.017740363901801958,0.0003146959225963149,0.39285714285714285,1
16,eco:b0114,0.1780253072080455,0.031691045992395174,0.6137566137566137,2
17,eco:b0115,0.04381136693798074,0.0019199827387758612,0.6833333333333333,2
18,eco:b0116,0.009776977279598148,9.55801153561419e-05,0.6666666666666666,2
19,eco:b1854,0.20519410150648085,0.04210097773596,0.3657505285412262,2
20,eco:b2715,1.4456791315688781e-06,3.8662893927053136e-10,0.0,2
21,eco:b3403,0.013378606265005947,0.00017895515888266116,0.5277777777777778,2
22,eco:b4069,0.04777602490346456,0.0022834091711265857,0.45454545454545453,2
23,eco:b4395,0.0008964289368469264,8.038620251460991e-07,0.6,2
24,eco:b3588,0.013358091714268052,0.00017850126926037739,0.4444444444444444,2
25,eco:b3589,0.0037675053471854974,1.4223348446983633e-05,0.9,2
26,eco:b2453,0.0037675053471854974,1.4223348446983633e-05,0.9,2
27,eco:b0720,0.0036334256603871608,1.320244921009342e-05,0.6666666666666666,2
28,eco:b1276,0.0008182242135535665,6.69978557065751e-07,0.0,2
29,eco:b1136,0.0018526678609241047,3.5282278593526527e-06,0.6,2
30,eco:b3236,0.0241988882680758,0.0005854703061174824,0.45454545454545453,2
31,eco:b4122,0.0212594507788114,0.0004519262372251861,0.4444444444444444,2
32,eco:b2210,0.023211782728654862,0.0005387203133958467,0.5272727272727272,2
33,eco:b4154,0.002067257725474419,4.281989223852261e-06,0.7222222222222222,2
34,eco:b0724,0.002067257725474419,4.281989223852265e-06,0.7222222222222222,2
35,eco:b0729,0.005313307757731125,2.829710057041807e-05,0.45454545454545453,2
36,eco:b0726,0.01111795649786681,0.00012362112797746982,0.3090909090909091,2
37,eco:b0727,0.006883725251714308,4.7460762354292436e-05,0.4642857142857143,2
38,eco:b4094,2.6642043087337552e-06,2.2035522309352315e-10,0.5,2
39,eco:b1207,0.00015286006891681808,3.7707788406593226e-08,0.5111111111111111,1
40,eco:b2935,0.0010933122800681162,1.3424541557325002e-06,0.2717391304347826,2
41,eco:b4381,0.021139742974113,0.00044688858081025373,0.6111111111111112,2
42,eco:b3526,0.008461314530787113,7.159192246993887e-05,0.5,2
43,eco:b4268,0.0013893548427955174,1.930679188429031e-06,0.0,2
44,eco:b3553,0.025515071635729674,0.0006510195213505414,0.28104575163398693,2
45,eco:b0124,4.141646495914148e-05,3.0620940875034315e-08,0.9166666666666666,2
46,eco:b2464,0.0007698529381453667,5.94928114739183e-07,0.6666666666666666,2
47,eco:b2029,8.205243902486448e-05,8.542774141233211e-09,0.47619047619047616,2
48,eco:b1851,0.00848622723947369,7.201404968146473e-05,0.0,2
49,eco:b0767,0.00035040936929906457,1.2293154666818104e-07,0.0,2
50,eco:b1852,2.781410216495612e-05,3.5369022806820947e-09,0.3333333333333333,2
51,eco:b1850,0.20644191922606706,0.04261620207281157,0.45803698435277385,2
52,eco:b3386,6.074462463105455e-05,9.642866782870325e-09,0.5357142857142857,2
53,eco:b4090,0.00016805628653698541,5.3200940051678336e-08,0.3516483516483517,2
54,eco:b3752,0.0009782781660814875,9.710694738841656e-07,0.75,2
55,eco:b4383,0.0009782781660814875,9.710694738841652e-07,0.75,2
56,eco:b2842,0.0003762068514326425,1.416841818062231e-07,0.5,2
57,eco:b3091,0.0003762089066343176,1.4168781370491165e-07,0.5,2
58,eco:b3092,1.2854792066042106e-06,1.0341072379579972e-10,0.16666666666666666,2
59,eco:b1521,1.538770710066023e-05,2.957942531114622e-10,0.0,2
60,eco:b2843,1.5335226930926702e-05,2.7486782857087484e-10,0.0,2
61,eco:b4323,1.5415499310119635e-05,3.2579537380043196e-10,0.3333333333333333,2
62,eco:b4322,0.00037620999501239216,1.4169052351683747e-07,0.5,2
63,eco:b1617,5.239641410261387e-08,3.814666197205698e-11,0.0,2
64,eco:b2042,1.3696792574675313e-05,6.255383572977872e-09,0.4666666666666667,2
65,eco:b2028,7.195089000048992e-07,5.405831858111494e-10,0.6,2
66,eco:b3580,2.0053380421849224e-05,5.573507400162315e-10,0.2,2
67,eco:b3575,8.174418549487032e-07,4.093481367579194e-11,0.0,2
68,eco:b4196,9.97741635445743e-07,1.0935385004204279e-10,0.6666666666666666,2
69,eco:b0062,6.55422774020113e-07,7.163403126202915e-11,0.0,2
70,eco:b0063,1.603685741640361e-05,2.511708968539905e-09,0.42857142857142855,2
71,eco:b4198,4.9984623824695555e-05,5.344002040221953e-09,0.5,2
72,eco:b4197,3.5537219404000693e-06,2.597375216819017e-10,0.3333333333333333,2
73,eco:b1580,6.807606836043019e-07,6.60406259415524e-11,1.0,2
74,eco:b3904,0.0004857202500173974,2.3627393415341624e-07,0.0,2
75,eco:b3902,0.01187589103352856,0.00014106060725068372,0.5151515151515151,2
76,eco:b3564,5.185515377429468e-05,5.613648793839451e-09,0.5,2
77,eco:b3565,6.730160036862858e-05,1.1886513340541013e-08,0.2777777777777778,2
78,eco:b4297,0.007953187675480956,6.32513715757226e-05,0.0,2
79,eco:b4298,0.19510531481867527,0.03806423034339774,0.8738461538461538,2
80,eco:b2168,0.0011212047645909782,1.2626274610514532e-06,0.6666666666666666,2
81,eco:b2705,0.00025430382147759737,1.4818472288515472e-07,0.696969696969697,2
82,eco:b2704,3.524109714194671e-05,2.8648630037193627e-09,0.3333333333333333,2
83,eco:b4085,0.00025904651211337794,1.5410876448181525e-07,0.8363636363636363,2
84,eco:b4465,1.1819547701992647e-05,1.0779140807566503e-09,1.0,2
85,eco:b4084,6.858286726513558e-06,3.2597145834994534e-10,0.0,2
86,eco:b1819,3.524195957833849e-05,2.8683681796248528e-09,0.3333333333333333,2
87,eco:b1613,0.00025430465040862985,1.4819994360251396e-07,0.696969696969697,2
88,eco:b2048,1.183952914129344e-05,1.111701221787633e-09,0.3333333333333333,2
89,eco:b2049,4.849800878199101e-07,5.975189028046287e-11,0.0,2
90,eco:b2053,1.9944863446942424e-08,4.9550982212439864e-11,0.0,2
91,eco:b3600,0.0002528629024125389,1.45519034672184e-07,0.8181818181818182,2
92,eco:b2052,8.258605379330954e-10,3.529024376896846e-11,0.0,2
93,eco:b0394,0.00030254341455403054,1.908267852043588e-07,0.5604395604395604,2
94,eco:b2803,0.0004849001356173599,2.3544885549445975e-07,0.0,2
95,eco:b2802,1.97656179132648e-05,4.2871336478425817e-10,0.0,2
96,eco:b2245,0.009023080593885475,8.142011423527604e-05,0.6666666666666666,2
97,eco:b2800,0.011875858911491663,0.00014105983761002262,0.5151515151515151,2
98,eco:b2247,0.0003678084572643827,1.3538072316492678e-07,0.0,2
99,eco:b3903,1.9799049519865674e-05,4.313559618995477e-10,0.0,2
100,eco:b2169,0.0010161102913402793,1.0389315848612615e-06,0.4666666666666667,2
101,eco:b3599,1.0322025769047417e-05,8.201102347891227e-10,0.0,2
102,eco:b0757,1.3442531881008041e-06,1.0047042735321594e-10,0.0,2
103,eco:b2091,8.692276300725354e-05,8.606577018958084e-09,0.3333333333333333,2
104,eco:b0344,2.6955355234807616e-05,1.5603133508973646e-09,1.0,2
105,eco:b3077,3.03280589035292e-05,2.7393455439483387e-09,0.6,2
106,eco:b0759,7.231115714639212e-07,5.971917614450593e-10,0.4666666666666667,2
107,eco:b4119,0.0005978564108906719,3.859949223271094e-07,0.2571428571428571,2
108,eco:b0758,8.647554601751002e-08,9.970451800786257e-11,0.3333333333333333,2
109,eco:b0403,9.970445894370454e-05,5.515866029312431e-08,0.45054945054945056,2
110,eco:b4565,3.5446612798501356e-06,5.7402884074983775e-11,0.0,2
111,eco:b2036,3.361596735107112e-08,8.018138859623886e-11,1.0,2
112,eco:b3137,0.021143074347970334,0.0004470299283960448,0.7857142857142857,2
113,eco:b4477,0.0210968398224968,0.00044507571442448205,0.75,2
114,eco:b3140,3.5446612798501356e-06,5.740288407498379e-11,0.0,2
115,eco:b3141,8.692276300725354e-05,8.606577018958084e-09,0.3333333333333333,2
116,eco:b3693,0.000861404693466922,7.421717286212261e-07,0.0,2
117,eco:b4478,3.5113073545816336e-05,1.2693734428840166e-09,0.0,2
118,eco:b2787,0.008378088150683194,7.019051364548345e-05,1.0,2
119,eco:b3126,0.19715084966381555,0.038866578430790825,0.664367816091954,2
120,eco:b4195,3.504381877774135e-08,3.715876914170355e-11,0.0,2
121,eco:b4192,8.595793801089293e-07,9.031620701303251e-11,0.3333333333333333,2
122,eco:b3128,0.008378088150683194,7.019051364548345e-05,1.0,2
123,eco:b1095,0.00012666420900427655,1.683840697940062e-08,0.47619047619047616,2
124,eco:b2323,0.00012666420900427655,1.683840697940062e-08,0.47619047619047616,1
125,eco:b1093,0.0014371272837000462,2.06926266072805e-06,0.2,1
126,eco:b1288,1.6450007683140213e-05,8.731079747667893e-10,0.38095238095238093,1
127,eco:b1091,0.03487625295064527,0.0012168603438545015,0.8333333333333334,2
128,eco:b0180,6.202170283138083e-05,4.124000889379137e-09,0.4,1
129,eco:b0954,6.178752562567596e-05,4.005296452695236e-09,0.6666666666666666,1
130,eco:b1092,0.0014348817986706993,2.062728624528824e-06,0.5,1
131,eco:b3256,0.03487616138517695,0.0012168539193619507,0.8333333333333334,1
132,eco:b1805,0.00015090144062515222,2.3070389003300695e-08,0.0,2
133,eco:b3846,0.005861939580880726,3.445449504634129e-05,0.5357142857142857,2
134,eco:b2844,0.03704259418940106,0.0013728715258588115,0.5882352941176471,2
135,eco:b3845,0.03839497209154409,0.0014750426307296456,0.4458874458874459,2
136,eco:b0221,0.0037013956546293656,1.3743671319592927e-05,0.47619047619047616,2
137,eco:b2261,3.803892511017714e-09,5.062773291810849e-11,0.0,2
138,eco:b2260,1.6403987033854075e-10,5.0576162431732635e-11,0.0,2
139,eco:b4039,5.288000000817031e-05,3.448987688093439e-09,0.38095238095238093,2
140,eco:b2265,5.2879826101875396e-05,3.444881649446562e-09,0.38095238095238093,2
141,eco:b3930,9.699191017134986e-08,1.153340568380177e-10,0.16666666666666666,2
142,eco:b3833,4.003408324784134e-09,9.367377074414132e-11,0.0,2
143,eco:b2907,1.7238401840709664e-10,5.680712957828453e-11,0.0,2
144,eco:b2264,2.256569092519491e-06,1.0729090419855119e-10,0.3333333333333333,2
145,eco:b2263,9.251077278925972e-08,5.272882546654936e-11,0.0,2
146,eco:b3843,9.283506632001478e-08,5.619238561912532e-11,0.0,2
147,eco:b4040,2.2644139200801547e-06,1.7564810135628434e-10,0.2,1
148,eco:b2232,1.718458411872638e-10,7.099807842360235e-11,0.0,2
149,eco:b4211,1.6522595901588635e-10,3.778560465282911e-11,0.0,2
150,eco:b2262,1.7145701967888358e-10,5.066513906914805e-11,0.0,2
151,eco:b0662,1.7238401840709664e-10,5.680712957828455e-11,0.0,2
152,eco:b3957,1.3967071303029067e-06,1.7452143404144392e-10,0.3333333333333333,2
153,eco:b3172,1.2638543452783312e-06,1.1220961352184806e-10,0.3333333333333333,2
154,eco:b4254,2.92825903862455e-05,1.856098394207589e-09,0.3333333333333333,2
155,eco:b2290,0.19587872104415868,0.038366612069941276,0.7592592592592593,2
156,eco:b3870,0.0032014777152001074,1.1363588065117624e-05,0.7692307692307693,2
157,eco:b2874,0.00020808506034146696,4.715496970589845e-08,0.14285714285714285,2
158,eco:b3960,5.66781335086047e-08,1.5168376133540344e-10,0.5,2
159,eco:b0928,0.025187077063161097,0.0006363951260544473,0.24431818181818182,2
160,eco:b3359,2.78127970658044e-07,9.391359547117485e-11,0.0,2
161,eco:b1524,0.0034506261583523877,1.3329672963320382e-05,0.7619047619047619,2
162,eco:b1761,0.004122334212795444,1.847620394264232e-05,0.6916666666666667,2
163,eco:b2818,0.0031685412984971653,1.1083153518123073e-05,0.8333333333333334,2
164,eco:b3959,0.00012977929084678267,2.2330592347018836e-08,0.0,2
165,eco:b3958,5.3299932014393535e-06,1.097070282182076e-10,0.0,2
166,eco:b2508,0.0006386448707746395,6.430888042045781e-07,0.7777777777777778,2
167,eco:b0477,0.0018745673083447947,4.184026360332575e-06,0.5619047619047619,2
168,eco:b4384,0.0013803546360142862,2.773783563083534e-06,0.25,2
169,eco:b0125,0.001943997907731688,4.5614361195497815e-06,0.477124183006536,2
170,eco:b4374,0.00414754325425246,1.9559063333770655e-05,0.1835075493612079,2
171,eco:b2518,0.016367999384592595,0.0002681387126851572,0.30735930735930733,2
172,eco:b3806,0.011797691734613949,0.00013919598958118246,0.75,2
173,eco:b4177,0.0005276033515875898,4.318311043473182e-07,0.8095238095238095,2
174,eco:b1131,0.0019016206952090183,3.8060961334877124e-06,0.5,2
175,eco:b0474,0.019572433556911916,0.0003831218679452291,0.31868131868131866,1
176,eco:b4213,0.00045398492968185466,4.165267933282973e-07,0.6666666666666666,2
177,eco:b1623,0.0003558123778730081,2.3770119628467866e-07,1.0,2
178,eco:b2795,0.0021325229415738597,4.939614156297723e-06,0.4358974358974359,2
179,eco:b2162,0.0008357824623184236,1.2486452387467417e-06,0.44166666666666665,2
180,eco:b0469,0.002820185065836022,8.716035495541413e-06,0.47794117647058826,2
181,eco:b2407,0.00041098683096900743,2.989275059941398e-07,0.8666666666666667,2
182,eco:b0238,0.0018829083210518429,4.191209934390832e-06,0.5619047619047619,2
183,eco:b2868,0.00029620791136455863,1.9587581077096944e-07,0.8095238095238095,2
184,eco:b2883,0.00039175361731040364,2.879505429179156e-07,0.8571428571428571,2
185,eco:b2499,4.132508939704407e-07,8.318877169351795e-11,0.3333333333333333,2
186,eco:b0522,2.0506443579859005e-07,8.241759220920352e-11,0.3333333333333333,2
187,eco:b2476,7.779627626347265e-05,7.190155596446554e-09,0.0,2
188,eco:b0523,3.190652984942016e-06,6.874424323743263e-11,0.0,2
189,eco:b3397,0.00014463586609608176,3.2053559130342124e-08,1.0,2
190,eco:b3034,0.00014463586609608176,3.205355913034213e-08,1.0,2
191,eco:b3032,0.0017286465434979868,3.0781141525260345e-06,0.6666666666666666,2
192,eco:b0516,6.394355189844049e-18,5.1103702055405257e-11,0.0,2
193,eco:b0517,9.280724939380975e-18,6.178895687983055e-11,1.0,2
194,eco:b0505,9.280724939380975e-18,6.178895687983055e-11,1.0,2
195,eco:b2954,0.0010913815871372375,1.320665697908861e-06,0.6666666666666666,2
196,eco:b2507,0.0017522652940480219,3.450322365585018e-06,0.8222222222222222,2
197,eco:b2781,0.014955254548618598,0.00022510580139151846,0.16666666666666666,2
198,eco:b3988,0.013521741517257723,0.0001829015068668121,0.6515151515151515,1
199,eco:b2312,9.00033860717586e-06,5.852559570136483e-10,0.5,2
200,eco:b4005,8.849726320729516e-06,1.815846338917263e-10,0.0,2
201,eco:b2500,0.00020766306877558982,4.648198207091784e-08,0.26666666666666666,2
202,eco:b2557,8.498270480115262e-06,1.6663167165312975e-10,0.0,2
203,eco:b2676,0.011609627306959006,0.00013480485216770674,0.5,2
204,eco:b0104,0.0017553262194999143,3.503219638582404e-06,0.7818181818181819,2
205,eco:b3650,0.013196600602409896,0.00017418036331404713,0.5636363636363636,1
206,eco:b4006,0.0006383241715892616,6.121900755625879e-07,0.7857142857142857,2
207,eco:b3164,0.012083360660655662,0.00014603113700773824,0.5555555555555556,2
208,eco:b2752,2.5462416299693753e-08,6.826363480889433e-11,1.0,2
209,eco:b2750,3.065808008382229e-07,1.1010903399414759e-10,0.6666666666666666,2
210,eco:b4238,0.013910695659708492,0.0001935854027407477,0.5274725274725275,2
211,eco:b4372,0.010138131827393095,0.0001027763707344533,0.8,2
212,eco:b0160,0.010238641871264855,0.00010485908851510634,0.4666666666666667,2
213,eco:b3648,0.011807579963540385,0.00013975221030867343,0.5128205128205128,1
214,eco:b0512,2.8881108584997404e-18,3.533463035635024e-11,0.0,2
215,eco:b3779,0.0005380319126202061,2.8998736271407485e-07,0.0,2
216,eco:b0910,0.0025737289953994707,6.781449792395909e-06,0.39285714285714285,2
217,eco:b2066,0.0012642695242161713,1.9057784360929313e-06,0.4696969696969697,2
218,eco:b2780,0.002517462211437657,6.381193136415869e-06,1.0,1
219,eco:b2065,0.0029786664618154336,8.92798544044696e-06,0.6666666666666666,2
220,eco:b3640,0.0016340618990549768,2.7473312547923206e-06,0.5,1
221,eco:b1098,0.0014271711538860507,2.1011974646427917e-06,0.5714285714285714,1
222,eco:b2827,0.00033111545024881153,1.503181877609413e-07,1.0,2
223,eco:b1238,0.0003599605741393997,1.9528187803154824e-07,0.7142857142857143,2
224,eco:b0391,0.0003903110885714113,2.751264157876178e-07,0.7142857142857143,2
225,eco:b2143,0.00041391076160098044,3.715459644557758e-07,0.5777777777777777,2
226,eco:b4382,0.000316669804978722,2.1997152050996668e-07,0.5555555555555556,2
227,eco:b2147,0.00015689667859002384,7.856201705973897e-08,0.7142857142857143,2
228,eco:b0337,0.00028869483679497813,2.0478191130128979e-07,0.5555555555555556,2
229,eco:b2873,6.469261104898043e-06,4.0853737430201446e-10,0.0,2
230,eco:b3642,4.729310632255431e-05,3.3687224667062255e-09,0.3333333333333333,2
231,eco:b0033,0.000471888133078191,3.006438848658274e-07,0.42857142857142855,2
232,eco:b4245,2.9103565322524452e-05,1.693852829511158e-09,0.5,2
233,eco:b1012,0.00015697167061572782,7.859728921131794e-08,0.7142857142857143,2
234,eco:b1011,8.370567171398176e-06,5.016075120513884e-10,0.3333333333333333,2
235,eco:b1010,2.1565623795763376e-06,8.07063113665228e-11,1.0,2
236,eco:b3831,0.00042443300898848654,3.9404229843390636e-07,0.5606060606060606,2
237,eco:b1009,4.420872961189005e-05,2.519499119511603e-09,0.4,2
238,eco:b1539,0.000693503677262261,4.893500536982794e-07,0.4,2
239,eco:b1008,4.3790189751982775e-05,2.4092639048230825e-09,1.0,2
240,eco:b2498,0.0010939145804668364,1.4523656525166016e-06,0.5151515151515151,2
241,eco:b1062,1.277988973420535e-06,6.111332967176953e-11,0.0,2
242,eco:b2165,0.00015689667859002384,7.856201705973895e-08,0.7142857142857143,2
243,eco:b0945,1.9894020076344443e-06,7.030647069332655e-11,0.0,2
244,eco:b1281,0.0009821311848930432,1.0648267889893473e-06,0.6666666666666666,2
245,eco:b0171,0.0025496786407962313,6.64786581417527e-06,0.5,1
246,eco:b2291,0.0005319838803432677,4.2730610941916474e-07,0.4888888888888889,2
247,eco:b2166,6.469261104898043e-06,4.0853737430201436e-10,0.0,2
248,eco:b3517,0.0038081066621759325,1.6178686583958835e-05,0.3261538461538461,2
249,eco:b0674,0.0005042631653737868,2.9658965932947296e-07,0.75,2
250,eco:b1014,0.0034360657390329332,1.319628228464508e-05,0.6416666666666667,2
251,eco:b3744,0.00046767274496196915,2.5104160425346174e-07,0.8095238095238095,2
252,eco:b2662,0.00033417796710573513,1.3398665607671674e-07,0.21818181818181817,2
253,eco:b2957,0.0005042631653737868,2.965896593294695e-07,0.75,2
254,eco:b2661,0.00118977342453051,1.4233888883017495e-06,0.6666666666666666,2
255,eco:b2574,0.004461234475498562,1.9949289476059613e-05,0.36666666666666664,2
256,eco:b1525,0.00118977342453051,1.4233888883017512e-06,0.6666666666666666,2
257,eco:b0219,0.005107475161953263,2.6183021130898324e-05,0.4666666666666667,2
258,eco:b3213,0.004159077482328762,1.8871172935592583e-05,0.5751633986928104,2
259,eco:b4139,0.0015883262853813365,2.5641156166555434e-06,0.4696969696969697,2
260,eco:b3729,0.00025416607718414623,1.508681960923741e-07,0.7272727272727273,1
261,eco:b2366,0.19479381436678878,0.03794277947180017,0.9466666666666667,2
262,eco:b3772,0.172636807252975,0.029801566531968995,0.6068376068376068,2
263,eco:b2551,0.01878336460834585,0.000352895270483329,0.4666666666666667,2
264,eco:b2905,0.004540918265219908,2.087181003890829e-05,0.43956043956043955,2
265,eco:b4388,0.01487892852480786,0.00022135792779959918,0.26666666666666666,2
266,eco:b4471,0.169324670138894,0.028669237088853255,0.8102766798418972,2
267,eco:b0311,2.1323422372457636e-05,5.304567655872776e-10,0.0,2
268,eco:b0312,8.692778641576911e-07,3.6453965244049476e-11,0.0,2
269,eco:b2903,0.004677199847993603,2.214559891564091e-05,0.9777777777777777,2
270,eco:b3616,0.000988421745319437,9.837426180384938e-07,0.6666666666666666,2
271,eco:b3617,0.004743131705360582,2.2779922014001145e-05,0.696969696969697,2
272,eco:b0870,0.01183594464472331,0.00014028141704302654,0.47619047619047616,2
273,eco:b0004,0.007658287067028854,5.864101053721935e-05,0.19047619047619047,2
274,eco:b0907,0.0009419760893747823,8.873850408195522e-07,0.1,2
275,eco:b0003,0.0003151519018959105,9.937466009975843e-08,0.0,2
276,eco:b3940,7.246722035343204e-05,5.3219967852374534e-09,0.0,2
277,eco:b3433,2.205549962884743e-05,7.656695577491431e-10,0.0,1
278,eco:b2913,0.0001497732291874789,2.2618652961602776e-08,0.5,2
279,eco:b4024,0.00046609998724386493,2.485891822649047e-07,0.7142857142857143,2
280,eco:b3124,0.002264785640235315,5.129658890756764e-06,0.4,2
281,eco:b2585,9.566921166850901e-08,2.3110066740133466e-10,0.4,1
282,eco:b1261,4.738216466170847e-10,1.1757641695117348e-10,0.3333333333333333,2
283,eco:b1386,0.011266301194646926,0.00012694087728670652,0.6944444444444444,2
284,eco:b0031,3.7772273591878e-08,5.0702678494367903e-11,0.0,1
285,eco:b2478,9.051824956533137e-07,5.4257965139570304e-11,0.0,1
286,eco:b3607,0.0019365782930544184,3.7553027679119816e-06,0.3333333333333333,2
287,eco:b2421,0.013833834939409028,0.00019160373594540598,0.8,2
288,eco:b4019,0.010464639490764186,0.00010949332589391436,0.47619047619047616,2
289,eco:b1832,0.0006313493311758197,3.991832511683877e-07,0.8333333333333334,2
290,eco:b2942,0.0014012388433524653,1.9641868803845886e-06,0.38095238095238093,1
291,eco:b4054,0.0017870110990289804,3.19975908439697e-06,0.19230769230769232,2
292,eco:b0261,0.010899259090964184,0.00011877752935426804,0.5277777777777778,2
293,eco:b3008,0.2032198367974766,0.04129333283077402,0.46799431009957326,2
294,eco:b3939,0.03526132964926604,0.001243243493099625,0.30303030303030304,2
295,eco:b2521,0.19578091990620972,0.03832771320360094,0.8769230769230769,2
296,eco:b1919,0.16795225779113873,0.028206551138680647,0.9714285714285714,2
297,eco:b3829,0.010464639490764186,0.00010949332589391448,0.47619047619047616,2
298,eco:b2687,0.0027396250433523194,7.505066796963708e-06,0.5,2
299,eco:b4013,0.00144035826791524,2.0744897204816075e-06,0.0,2
300,eco:b0159,0.00011556809100363916,1.3474547309330615e-08,0.0,2
301,eco:b3770,0.02648949872288056,0.000701583680847482,0.20512820512820512,2
302,eco:b2688,0.016786630464877564,0.00028391399903260133,0.4743083003952569,2
303,eco:b2947,0.005671138764577372,3.273598760541574e-05,0.5166666666666667,2
304,eco:b1961,6.432621798280023e-05,4.262574598642963e-09,0.3333333333333333,2
305,eco:b0120,6.101187072744574e-05,3.86706347879042e-09,0.3333333333333333,2
306,eco:b0121,3.082058223484454e-05,2.0338401567012115e-09,0.35714285714285715,2
307,eco:b2917,0.003616200036232431,1.3112245934579048e-05,1.0,2
308,eco:b3771,0.001532992647072819,2.3500336311706764e-06,0.6,2
309,eco:b3774,0.007295386282440186,5.322076353676512e-05,0.0,2
310,eco:b3769,0.17743506466923015,0.031481587122106115,0.7076923076923077,2
311,eco:b0074,0.0012792558640591014,1.6365669308512686e-06,0.6,2
312,eco:b0072,0.0008170097992706994,6.675362635648445e-07,0.0,2
313,eco:b0073,0.01876309812151999,0.00035203090936361113,0.6,2
314,eco:b3572,0.001291615911972653,1.6683557832828993e-06,0.7,2
315,eco:b3809,4.868306336103189e-10,5.230728284089417e-11,0.0,2
316,eco:b0085,5.980344102870433e-07,5.216966825324462e-11,0.0,1
317,eco:b2838,2.096331327167308e-11,7.869694281968681e-11,0.3333333333333333,2
318,eco:b2472,1.1563696414354935e-08,5.32151728237125e-11,0.0,1
319,eco:b0086,1.464705563783431e-05,2.841654175647594e-10,0.0,1
320,eco:b0166,1.3106561506295847e-08,5.3169185252177225e-11,0.0,1
321,eco:b4131,9.729970058220846e-13,6.178974747835465e-11,1.0,2
322,eco:b2222,0.0038113950085201945,1.4573623433274424e-05,0.8,2
323,eco:b4117,8.258118519978155e-08,1.6935106315920398e-10,0.5,2
324,eco:b2937,1.920423889490257e-06,7.019994144113805e-10,0.6666666666666666,2
325,eco:b1584,1.9171214578615456e-06,6.496171474097651e-10,1.0,2
326,eco:b3073,8.889436741817828e-06,8.714350632694091e-10,0.6666666666666666,2
327,eco:b0243,0.00027032249789574317,9.822793680080541e-08,1.0,2
328,eco:b0242,0.00317430262837511,1.1132071435434992e-05,0.8484848484848485,2
329,eco:b1301,3.7922747920319087e-07,7.007842115472482e-11,0.0,2
330,eco:b1300,7.272420197869188e-06,1.7632594712419465e-10,0.0,2
331,eco:b2965,3.1285076273887505e-06,8.115339153278443e-10,0.5238095238095238,2
332,eco:b0386,0.0001465332784192374,2.983831536460267e-08,1.0,2
333,eco:b1297,1.9322285078935593e-06,6.955143183976449e-10,0.6666666666666666,2
334,eco:b1747,1.592761697069047e-08,1.4876828216558987e-10,0.5,2
335,eco:b1298,0.00017697321127818868,4.4179129759076344e-08,0.5,2
336,eco:b1444,0.00017703722679344696,4.424880297797693e-08,0.5,2
337,eco:b1744,0.0034193979542703626,1.3041949118318136e-05,0.8241758241758241,2
338,eco:b1746,0.00014007620243351298,2.6698135877804382e-08,0.0,2
339,eco:b1748,5.75181781564581e-06,1.199752086115948e-10,0.0,2
340,eco:b1745,2.3739577556539213e-07,5.5365979932149694e-11,0.0,2
341,eco:b2026,3.553156033602994e-07,6.024340339754768e-11,0.0,2
342,eco:b2024,1.4601495734761743e-08,3.550052935878806e-11,0.0,2
343,eco:b2021,0.00035019070025971925,1.281589410156191e-07,0.14285714285714285,2
344,eco:b2022,1.4326692625112559e-05,2.990323875971585e-10,0.0,2
345,eco:b2020,5.859570628072082e-07,3.6144717914112015e-11,0.0,2
346,eco:b2019,8.666610238218762e-06,5.786941467808416e-10,0.5,2
347,eco:b0349,0.0023433572420987524,5.499869204447725e-06,0.4727272727272727,2
348,eco:b0352,0.1682357036100673,0.028301838911515664,0.8831168831168831,2
349,eco:b1385,0.0004608594422312517,2.1263668666864018e-07,0.3333333333333333,2
350,eco:b1398,1.9762738863771803e-05,4.908934041014024e-10,0.6666666666666666,2
351,eco:b3942,0.001165894354024876,1.3773505732285908e-06,0.5,2
352,eco:b1392,4.205012803325143e-06,1.0411345928115706e-10,0.3333333333333333,2
353,eco:b1394,6.361959926065407e-05,4.131466467742544e-09,0.0,2
354,eco:b1387,0.0015563247106975978,2.427507133797003e-06,0.0,2
355,eco:b2541,3.914969281279834e-06,6.760010030575815e-11,0.0,2
356,eco:b2542,1.5966332119797878e-07,3.5366824654741e-11,0.0,2
357,eco:b1397,0.03811348373754768,0.0014534539800173712,0.45714285714285713,2
358,eco:b0347,3.908455164309885e-06,5.3319943715248234e-11,0.0,2
359,eco:b1393,0.0021519859710700025,4.648657616885548e-06,0.6666666666666666,2
360,eco:b0348,9.585635581206556e-05,9.384505816076585e-09,0.0,2
361,eco:b1395,0.005111112665898855,2.6194015784820916e-05,0.7333333333333333,2
362,eco:b1396,1.9762738863771803e-05,4.908934041014023e-10,0.6666666666666666,2
363,eco:b0350,0.006953427024676159,4.834824981685051e-05,0.0,2
364,eco:b0351,0.03575238336892682,0.0012788122363108375,0.6,2
365,eco:b1189,0.001114567962900204,1.2573018236078098e-06,0.0,2
366,eco:b3708,3.938780828785082e-11,6.905962532152715e-11,1.0,2
367,eco:b2599,0.0012575780627284447,1.6050967039727253e-06,0.6,2
368,eco:b1260,4.730244422039737e-10,9.869803327539769e-11,0.6666666666666666,2
369,eco:b1262,1.0953582234950097e-08,8.812138025399176e-11,0.3333333333333333,2
370,eco:b2329,5.27894114069565e-05,3.3718515506907646e-09,0.4666666666666667,2
371,eco:b1264,6.488465102062831e-06,2.859623262573875e-10,0.5,2
372,eco:b2600,0.0011723719049325123,1.3935183678175567e-06,0.2857142857142857,2
373,eco:b3389,0.0006931992392476823,4.80614185485415e-07,0.3333333333333333,2
374,eco:b2601,0.016945869685414606,0.00028714165473847213,0.2857142857142857,2
375,eco:b1692,2.9621057084690185e-05,1.0171644119431902e-09,0.5,2
376,eco:b1693,2.9566244679374758e-05,9.803124049033346e-10,0.6666666666666666,2
377,eco:b3281,2.4698492190320792e-06,1.1163588508938259e-10,0.6666666666666666,2
378,eco:b3390,1.39878997068664e-06,9.20025414928772e-11,0.3333333333333333,2
379,eco:b0908,2.213755517703998e-06,7.126420032127496e-11,0.0,2
380,eco:b1263,2.659690285843903e-07,5.895220460669221e-11,0.0,2
381,eco:b0133,0.00022092425072805561,6.366960674902775e-08,0.3,2
382,eco:b0131,0.0005237198688935711,3.2295531141680793e-07,0.6222222222222222,2
383,eco:b3447,0.006257977079865685,4.136742311050207e-05,0.4458874458874459,2
384,eco:b0368,0.00015661448898969383,3.377734791529367e-08,0.5,2
385,eco:b2297,0.04032350480781581,0.001626872939055182,0.5095238095238095,2
386,eco:b2296,0.013955646375008691,0.0001948319074190224,0.5357142857142857,2
387,eco:b4095,1.9127326378339748e-10,4.9450305045264586e-11,0.0,2
388,eco:b4098,4.549335580077107e-09,5.066800224907264e-11,0.0,2
389,eco:b4101,8.228344392427348e-12,3.5289158000100574e-11,0.0,2
390,eco:b4092,1.0969134865335199e-07,5.619726187056133e-11,0.0,2
391,eco:b3591,5.6052546235623686e-05,3.189167517910873e-09,0.0,2
392,eco:b1764,0.0004322902545316433,1.869458299702013e-07,1.0,2
393,eco:b1680,0.010171878710971662,0.00010346326688926918,0.26666666666666666,2
394,eco:b2114,0.0013988684003788583,1.9574719038761117e-06,0.4666666666666667,1
395,eco:b0888,0.00043298151608504577,1.8756017479549032e-07,0.3333333333333333,2
396,eco:b2881,1.764962301734408e-05,3.4862928308148354e-10,0.0,2
397,eco:b3967,0.0034138828888190696,1.2991314137775691e-05,0.9615384615384616,1
398,eco:b0088,2.4419592526577995e-08,5.0613637242126434e-11,0.0,1
399,eco:b0091,1.0677128255395212e-09,5.0691581115123356e-11,0.0,1
400,eco:b4053,0.008770911937533486,7.692702101674582e-05,0.5,2
401,eco:b0381,0.0003581278873679717,1.28313757362933e-07,0.0,2
402,eco:b2988,0.0005594885273155415,3.549898073403193e-07,0.6,2
403,eco:b0932,0.016149337351075273,0.00026150242934154093,0.6176470588235294,2
404,eco:b0237,0.016149337351075273,0.0002615024293415412,0.6176470588235294,2
405,eco:b2523,0.016149337351075273,0.0002615024293415412,0.6176470588235294,2
406,eco:b4260,0.016149337351075273,0.0002615024293415412,0.6176470588235294,2
407,eco:b3500,0.0006628458088436158,4.854789783786793e-07,0.42857142857142855,2
408,eco:b2301,0.0005371689227419977,3.2492246946420305e-07,1.0,2
409,eco:b1710,0.0005371689227419977,3.24922469464203e-07,1.0,2
410,eco:b1309,9.515681718093647e-05,2.5926845127923526e-08,0.41818181818181815,2
411,eco:b1896,2.339890332738342e-06,1.8070344106015393e-09,0.42857142857142855,2
412,eco:b4239,3.442078889693599e-05,3.730040754915997e-08,0.4696969696969697,2
413,eco:b4240,3.3534883615651156e-06,2.0979033971877855e-09,0.8333333333333334,2
414,eco:b3519,4.1682246358018524e-05,3.3442156662105286e-08,0.6545454545454545,2
415,eco:b3431,1.3803054178611204e-05,5.604779020089113e-09,0.5714285714285714,2
416,eco:b3533,7.182914954282555e-07,5.043572348169985e-10,1.0,2
417,eco:b3430,1.354112586248881e-05,5.049670791032763e-09,0.7142857142857143,2
418,eco:b1897,3.3534883615651156e-06,2.0979033971877855e-09,0.8333333333333334,2
419,eco:b3416,4.166798572209788e-05,3.2009053063149535e-08,0.7555555555555555,2
420,eco:b3429,5.901122795406242e-07,1.3776434378554763e-10,0.0,2
421,eco:b3571,6.3803385145785086e-06,2.118134301659577e-09,0.3333333333333333,2
422,eco:b3432,8.520405956630192e-07,2.460361463227645e-10,0.3333333333333333,2
423,eco:b1738,3.1460365214842486e-06,1.3435858564421625e-09,1.0,2
424,eco:b2132,4.154097126725737e-05,3.1755191124585636e-08,0.7555555555555555,2
425,eco:b3189,4.003118620910982e-08,1.5145116073804014e-10,0.5,1
426,eco:b3972,1.7069766177328767e-09,5.519033070630661e-11,0.0,1
427,eco:b2255,2.997371309640251e-08,7.958535920242828e-11,0.0,2
428,eco:b2254,1.2738780978896465e-09,5.085738899719699e-11,0.0,2
429,eco:b2253,1.271159771040397e-09,3.665600455206828e-11,0.0,2
430,eco:b0677,2.180623458619346e-05,4.788222303611564e-09,0.42857142857142855,2
431,eco:b3176,2.167974986783506e-05,4.18779635013121e-09,0.5,1
432,eco:b0678,0.00025416607718414623,1.508681960923741e-07,0.7272727272727273,2
433,eco:b3222,4.20557727508069e-08,6.040938610225387e-11,0.0,2
434,eco:b3223,1.0201718417196686e-06,4.2320346318022444e-10,0.6,2
435,eco:b3338,8.809170208739541e-08,1.8171326210785975e-10,1.0,2
436,eco:b1107,8.809170208739541e-08,1.8171326210785972e-10,1.0,2
437,eco:b3786,4.0029449512270645e-08,1.501577236118893e-10,0.5,2
438,eco:b3730,8.917443894007132e-07,1.874354437304227e-10,0.5,1
439,eco:b0679,1.0255354015779485e-06,5.542035258627411e-10,0.6,2
440,eco:b1119,1.0255354015779487e-06,5.542035258627412e-10,0.6,2
441,eco:b2428,1.0201686561775961e-06,4.2174660627238735e-10,0.6,2
442,eco:b3787,1.6631356448029691e-09,3.9674178671066097e-11,0.0,2
443,eco:b3225,1.7503347764544951e-09,3.5515529239657567e-11,0.0,2
444,eco:b2256,5.647352124597783e-11,3.532736307329852e-11,0.0,2
445,eco:b2429,4.198103009828583e-08,4.5795386693300285e-11,0.0,2
446,eco:b0271,2.74763548621887e-06,1.1666762953113065e-10,0.0,2
447,eco:b3788,5.558023261950383e-07,1.121584254344238e-10,0.0,2
448,eco:b2038,2.296606679893105e-08,5.024924801897722e-11,0.0,2
449,eco:b3789,1.3539745231053746e-05,5.0299284750223415e-09,0.7142857142857143,2
450,eco:b2040,9.608516833832707e-10,3.52977789140705e-11,0.0,2
451,eco:b0918,9.688637048631038e-10,5.1778497055721903e-11,0.0,1
452,eco:b3198,2.3425948929233154e-08,5.105979181852489e-11,0.0,1
453,eco:b1215,5.704175420829981e-07,7.883519979792614e-11,0.0,1
454,eco:b1054,1.769402521606227e-12,5.0646881691663913e-11,0.0,2
455,eco:b3633,4.077934397428112e-11,6.826911743913247e-11,0.0,1
456,eco:b1855,8.156908412790365e-14,3.5324654910019144e-11,0.0,2
457,eco:b0222,7.609975594611729e-05,7.446116850981177e-09,0.3333333333333333,2
458,eco:b3052,3.1146027417661526e-06,9.078893342664248e-11,0.0,2
459,eco:b0200,1.27154552351225e-07,3.654667243408632e-11,0.0,2
460,eco:b3619,1.27154552351225e-07,3.654667243408632e-11,0.0,2
461,eco:b0181,4.002959423163332e-08,1.5150221408154612e-10,0.5,1
462,eco:b3197,1.3933938385443597e-05,1.9083101116827243e-09,0.6666666666666666,2
463,eco:b0096,1.6663022222413843e-09,5.690103405653374e-11,0.0,1
464,eco:b0179,7.11014774078575e-11,8.062322320766143e-11,0.3333333333333333,1
465,eco:b0524,3.3244314260676646e-12,6.351290980622671e-11,1.0,1
466,eco:b0182,3.4104023502149743e-12,8.054142079874303e-11,0.3333333333333333,1
467,eco:b0915,1.9308882733302974e-12,5.34799909374498e-11,0.0,1
468,eco:b0087,5.990382347969985e-07,6.874420376833261e-11,0.0,1
469,eco:b0090,2.4416739362533055e-08,3.645338820037873e-11,0.0,1
470,eco:b3057,2.4629395799134672e-08,5.366866931941081e-11,0.0,2
471,eco:b3018,1.5278256533887088e-05,4.3171276788336675e-10,0.5,1
472,eco:b1200,0.004292008806284938,1.8438373142535434e-05,0.8571428571428571,2
473,eco:b3926,0.0009091379105646982,8.30023282467988e-07,0.4666666666666667,2
474,eco:b3945,0.013111892504059272,0.00017194999456441223,0.3904761904761905,2
475,eco:b4041,0.00037276863236021345,1.4051064354493397e-07,0.6,1
476,eco:b4042,6.785854423831983e-07,1.5263837376743004e-10,1.0,2
477,eco:b1046,1.0413072974858384e-10,6.195526902070502e-11,1.0,2
478,eco:b2560,2.447621159797167e-09,8.428143781058768e-11,0.3333333333333333,2
479,eco:b3821,8.763953724328849e-07,1.2870759601085555e-10,0.3333333333333333,2
480,eco:b3825,2.132371285855485e-05,5.355060840815181e-10,0.0,2
481,eco:b3449,0.0005222175309033226,2.744630721067688e-07,0.2857142857142857,2
482,eco:b3918,6.846771232583055e-07,2.7809588436087143e-10,0.6,2
483,eco:b1912,5.982068512352745e-08,1.8353186134161075e-10,0.5,1
484,eco:b4160,4.1158615172992826e-08,1.0698904674586954e-10,0.6666666666666666,1
485,eco:b2836,3.741042472793416e-08,6.98112198334115e-11,1.0,2
486,eco:b3608,0.0038491240713358463,1.4832097633853182e-05,0.6,1
487,eco:b2451,0.0037879594916937973,1.4378184198821586e-05,0.6,2
488,eco:b3426,0.0038491240713358463,1.4832097633853182e-05,0.6,2
489,eco:b1409,6.846771232583055e-07,2.780958843608715e-10,0.6,2
490,eco:b1249,1.0413072974858384e-10,6.195526902070506e-11,1.0,2
491,eco:b2133,0.19655478490778247,0.038631921167713426,0.8205128205128205,2
492,eco:b2463,0.20006529711714144,0.040023986829547956,0.7315270935960592,2
493,eco:b3956,0.019553038965963367,0.00038227388555972877,0.5277777777777778,2
494,eco:b3951,0.22028385799098488,0.04852220388408528,0.4,2
495,eco:b0871,0.17691662864548907,0.03129783472812988,0.7533333333333333,2
496,eco:b1702,0.17606659867172483,0.030997884613340413,0.7533333333333333,2
497,eco:b1479,0.20006529711714144,0.04002398682954794,0.7315270935960592,2
498,eco:b2455,0.03575238336892682,0.0012788122363108375,0.6,2
499,eco:b1380,0.19655478490778247,0.03863192116771341,0.8205128205128205,2
500,eco:b1651,0.011938582486706062,0.0001425414203375512,0.7222222222222222,2
501,eco:b1415,0.1751122715365539,0.030662878780513374,0.45075757575757575,2
502,eco:b0212,0.017625477494722003,0.0003106510345671036,0.6666666666666666,2
503,eco:b3605,0.19479381436678878,0.0379427794718002,0.9466666666666667,2
504,eco:b0968,0.006212240970826821,3.86590873368216e-05,0.8,2
505,eco:b4014,0.06591494333259039,0.004345100966288436,0.41106719367588934,2
506,eco:b1967,0.027335497272980024,0.0007472277765934808,0.5636363636363636,2
507,eco:b2458,0.03697597637862674,0.0013678657148696212,0.7714285714285715,2
508,eco:b2311,2.2531032476236023e-06,9.269875105477416e-11,1.0,2
509,eco:b4468,0.021195644889326785,0.00044924156244447437,0.5,2
510,eco:b4015,0.014582229821765574,0.0002126443576176465,0.3974358974358974,2
511,eco:b0507,0.022490691530681325,0.0005058140669939109,0.5714285714285714,2
512,eco:b0508,0.010421900171207482,0.00010861373588438714,0.8333333333333334,2
513,eco:b2799,0.009008675002860152,8.116022732987425e-05,1.0,2
514,eco:b3125,0.010510605016511491,0.00011047063462935312,0.6,2
515,eco:b3062,0.011772951900887181,0.00013858127825992585,0.6785714285714286,2
516,eco:b3894,1.4028870365422707e-18,6.582179108154121e-11,0.0,2
517,eco:b1232,1.0147183939977276e-05,5.293524575227989e-10,1.0,2
518,eco:b1732,0.0008640113702304923,7.465937799452461e-07,0.0,2
519,eco:b1800,0.19525495182831937,0.03812261216751408,0.8738461538461538,2
520,eco:b3385,0.00904229021280453,8.176198834936266e-05,1.0,2
521,eco:b1771,0.0042241890220012955,1.785205306535504e-05,1.0,2
522,eco:b3011,0.0042241890220012955,1.7852053065355036e-05,1.0,2
523,eco:b0963,0.014460354461742833,0.0002091406292017356,0.4857142857142857,2
524,eco:b0335,0.015972838498375382,0.0002552341033392474,0.7222222222222222,2
525,eco:b3253,0.015467366863297681,0.0002393334744656123,0.75,2
526,eco:b2919,0.015237747213789916,0.00023226990617235878,1.0,2
527,eco:b0333,0.01526223496101249,0.0002330178391576583,0.75,2
528,eco:b2920,0.018712294842789363,0.00035036093542356643,0.6,2
529,eco:b0334,0.0006251642843496941,3.914708685497508e-07,0.0,2
530,eco:b0118,7.339785487371483e-05,5.545835432262369e-09,0.0,2
531,eco:b0331,0.0011751691049984782,1.3880521816346462e-06,0.75,2
532,eco:b3115,0.004811483283315789,2.3190414232532634e-05,1.0,2
533,eco:b3882,0.00011070030650488532,1.309490154295851e-08,1.0,2
534,eco:b1241,0.0033815664639797235,1.1465856914408739e-05,1.0,2
535,eco:b0529,0.00020995566306297313,4.680309812102671e-08,0.6666666666666666,1
536,eco:b1606,1.5066128781383633e-05,8.512309314094083e-10,0.6,2
537,eco:b2912,0.00020234950428104262,4.332537270110338e-08,1.0,2
538,eco:b3288,6.717696385196787e-05,5.009713394689439e-09,0.6,1
539,eco:b0048,1.278005824692045e-05,7.329662406303453e-10,0.9,1
540,eco:b3941,0.0001938681678013566,3.9525041344922584e-08,1.0,2
541,eco:b0356,7.592302947054643e-19,3.637907274316427e-11,0.0,2
542,eco:b2154,7.592302947054643e-19,3.637907274316426e-11,0.0,2
543,eco:b0420,0.20058717244492597,0.04023333082302426,0.5795454545454546,1
544,eco:b0383,0.0014102117578689882,1.990514668639256e-06,0.3333333333333333,2
545,eco:b3993,0.000827703989714231,6.854379635755508e-07,0.4,2
546,eco:b1106,0.0008250576564586828,6.809944089176075e-07,1.0,2
547,eco:b0417,0.009000153604657349,8.098704887052394e-05,0.5714285714285714,1
548,eco:b3990,0.0015141213179594318,2.3090066321291134e-06,0.3,2
549,eco:b2103,3.38027223037667e-05,1.208407908960923e-09,0.0,2
550,eco:b4161,0.009000153604657349,8.098704887052394e-05,0.5714285714285714,1
551,eco:b3994,1.4036589186698068e-06,8.460289686461522e-11,0.3333333333333333,2
552,eco:b0423,0.0009156039913492729,8.397311039558056e-07,0.0,2
553,eco:b3992,3.734073395094587e-05,1.4404120981061706e-09,0.0,2
554,eco:b2530,0.013793833163227473,0.00019049605798715077,0.8,2
555,eco:b3991,0.008623976436538252,7.436834699308305e-05,0.16666666666666666,2
556,eco:b2104,3.3745465898136195e-05,1.186960143255192e-09,0.0,2
557,eco:b0415,1.5008992040451127e-06,1.6298551205423673e-10,0.3333333333333333,1
558,eco:b1662,1.0782026037938887e-06,3.951587635257445e-10,0.7,1
559,eco:b1277,0.012853557330279397,0.00016525355613839225,0.7333333333333333,1
560,eco:b0025,1.0924829918022617e-06,4.374545536086875e-10,0.8,1
561,eco:b3041,1.3970427770534862e-05,1.9132955490462126e-09,0.6666666666666666,1
562,eco:b0937,1.8534602202399873e-06,4.3980286448052284e-10,0.4,2
563,eco:b0414,0.0005249409577516947,2.761698481847434e-07,0.0,1
564,eco:b3844,1.0192544456448156e-06,3.3196908491138476e-10,1.0,2
565,eco:b3812,2.171817270767012e-05,1.0244187860166727e-09,0.42857142857142855,2
566,eco:b4055,1.0924829918022617e-06,4.374545536086878e-10,0.8,2
567,eco:b2320,6.977534002247178e-05,4.943955786755348e-09,0.0,2
568,eco:b2927,0.0007696037267895743,5.942652012878633e-07,0.5,2
569,eco:b2418,6.247169256756643e-17,9.424902856749599e-11,0.6666666666666666,2
570,eco:b1406,4.877642362490598e-17,6.696896454886449e-11,1.0,2
571,eco:b1638,6.247169256756643e-17,9.424902856749599e-11,0.6666666666666666,2
572,eco:b2564,4.877642362490598e-17,6.696896454886451e-11,1.0,2
573,eco:b0052,0.000350598059486838,1.2299122837159415e-07,1.0,2
574,eco:b4390,0.0012003831815152349,1.7025212536248589e-06,0.6212121212121212,2
575,eco:b3996,0.001146044285285449,1.515293435461698e-06,0.7090909090909091,2
576,eco:b3962,0.0008878063016563694,8.594233284388873e-07,0.8214285714285714,2
577,eco:b1740,0.0008617555476192822,8.114262290405351e-07,1.0,1
578,eco:b1768,0.00010017417588195422,2.0491084734389366e-08,1.0,2
579,eco:b1603,0.0008878063016563694,8.594233284388867e-07,0.8214285714285714,2
580,eco:b0639,0.001146044285285449,1.5152934354616977e-06,0.7090909090909091,1
581,eco:b0931,0.0010659359805913844,1.333475703482251e-06,0.6666666666666666,2
582,eco:b0750,0.00022351194309463748,5.116800709886186e-08,0.0,2
583,eco:b2700,0.0010076436366513511,1.1554903857320782e-06,1.0,2
584,eco:b0109,0.0010164123607555335,1.1746961451859481e-06,0.75,2
585,eco:b2615,0.0008878063016563694,8.594233284388873e-07,0.8214285714285714,1
586,eco:b3974,0.0006768583965234824,4.7120582232798734e-07,0.5,1
587,eco:b3634,0.0007197747083430262,5.349852146851419e-07,0.6,1
588,eco:b3639,0.000694525015879744,4.973290328337894e-07,0.8333333333333334,1
589,eco:b0103,0.0006438427409484586,4.260363618949459e-07,0.16666666666666666,1
590,eco:b2563,5.3721634757085696e-05,3.2437162323108812e-09,0.0,1
591,eco:b0404,0.0006721952755117119,4.6547591582851073e-07,0.3,2
592,eco:b0425,5.99969714302597e-05,3.746848181896363e-09,0.0,2
593,eco:b0134,0.0012496086841196363,1.5615874988795209e-06,0.6,2
594,eco:b3475,5.3721634757085696e-05,3.2437162323108812e-09,0.0,2
595,eco:b0776,2.66809555676746e-06,1.034321853422477e-10,0.3333333333333333,2
596,eco:b0774,1.0898743627273734e-07,5.2688718650139034e-11,0.0,2
597,eco:b3973,7.779600642429805e-12,6.178974093830927e-11,1.0,1
598,eco:b3412,3.3083683973241425e-06,1.4755060010733284e-10,0.6666666666666666,2
599,eco:b0777,6.88250420728648e-05,4.98223794700748e-09,1.0,2
600,eco:b1593,4.453710030399378e-09,5.2283556435188584e-11,0.0,2
601,eco:b0775,1.8246778426631135e-10,7.869646521064541e-11,0.3333333333333333,2
602,eco:b3551,7.779600642429805e-12,6.178974093830928e-11,1.0,2
603,eco:b0628,1.1507046020379881e-05,5.792521246046882e-10,0.7,2
604,eco:b0630,1.1507046020379881e-05,5.792521246046881e-10,0.7,2
605,eco:b4386,9.385437070691486e-07,1.0626115952008576e-10,1.0,2
606,eco:b0827,3.587208961668238e-08,7.869712791124597e-11,0.3333333333333333,2
607,eco:b3857,1.527637032437786e-09,6.178973449374845e-11,1.0,2
608,eco:b1096,3.892390703216515e-07,6.076520485880287e-11,0.0,2
609,eco:b3177,3.024842969260716e-06,1.4220187308813976e-10,0.16666666666666666,2
610,eco:b2765,0.000639137552254397,4.0994541129627335e-07,0.6,2
611,eco:b0785,2.1440874510376394e-05,5.148682026615672e-10,0.0,2
612,eco:b0782,8.759937171389183e-07,5.303161631937575e-11,0.0,2
613,eco:b1865,0.0006381143875623626,4.085917756804287e-07,1.0,2
614,eco:b2303,0.0006381143875623626,4.085917756804288e-07,1.0,2
615,eco:b0142,2.5028522116928236e-06,7.672098969253284e-11,1.0,1
616,eco:b0781,0.012853556877077914,0.0001652535440266333,0.7333333333333333,2
617,eco:b0783,0.0005249295435647458,2.761408002110566e-07,0.0,2
618,eco:b3058,5.8340824131684216e-05,3.574062908604476e-09,0.16666666666666666,1
619,eco:b2315,1.289872213963246e-05,7.901878599864324e-10,0.6,1
620,eco:b2153,0.012963282167054432,0.0001680909108130436,0.5,1
621,eco:b2777,2.6106810406207673e-05,7.509873904776784e-10,0.0,2
622,eco:b0444,1.0666998408168158e-06,5.087089889255722e-11,0.0,2
623,eco:b2794,4.3535148782475385e-08,3.529453785559531e-11,0.0,2
624,eco:b3360,6.493504887721999e-06,2.8608391933073737e-10,0.5,2
625,eco:b2877,1.527637032437786e-09,6.178973449374845e-11,1.0,2
626,eco:b3368,8.172124978162221e-13,3.701546625644363e-11,0.0,2
627,eco:b3803,1.8545441028817355e-11,8.397434386726964e-11,0.3333333333333333,2
628,eco:b1993,1.738357980898129e-18,5.060871292366664e-11,0.0,2
629,eco:b1992,2.4584063234792706e-18,6.698334699295886e-11,0.0,2
630,eco:b0638,1.738357980898129e-18,5.0608712923666604e-11,0.0,2
631,eco:b1991,8.998418597535705e-19,3.5324025510540085e-11,0.0,2
632,eco:b2459,1.2725625559395732e-18,3.641397216670578e-11,0.0,2
633,eco:b0428,2.523314049003247e-16,3.5337805636498185e-11,0.0,2
634,eco:b0475,4.066653263878532e-15,5.1309315151683554e-11,0.0,1
635,eco:b0154,5.751806483321728e-06,1.1985835101562446e-10,0.0,1
636,eco:b1210,0.00014007620191643205,2.669813257899453e-08,0.0,1
637,eco:b2400,0.003419397954246566,1.3041949116876615e-05,0.8241758241758241,1
638,eco:b1270,8.998418597535705e-19,3.532402551054013e-11,0.0,2
639,eco:b3850,8.029379303236316e-14,8.642691348616788e-11,0.3333333333333333,1
640,eco:b2436,8.633115644923308e-13,1.0102759976130564e-10,0.6666666666666666,2
641,eco:b3867,8.633115644923308e-13,1.0102759976130564e-10,0.6666666666666666,2
642,eco:b0369,2.3713676017799457e-07,5.086255007814851e-11,0.0,1
643,eco:b3805,9.844023709779232e-09,5.2398792343804104e-11,0.0,1
644,eco:b3804,4.142139055356335e-10,8.515020753498969e-11,0.3333333333333333,1
645,eco:b3997,1.8585802350867153e-11,1.2364304831362786e-10,0.3333333333333333,2
646,eco:b3187,9.704797178079282e-08,1.3025109579468082e-10,0.3333333333333333,1
647,eco:b0421,4.253515721873805e-09,1.2075882189349516e-10,0.3333333333333333,1
648,eco:b2889,2.2270996416019328e-10,6.620518260358362e-11,1.0,2
649,eco:b2515,2.374848876394892e-08,5.234861888431955e-11,0.0,1
650,eco:b0029,1.1527417255012615e-09,8.33139241554632e-11,0.3333333333333333,1
651,eco:b0173,0.008542407296041042,7.297087879673706e-05,0.3333333333333333,1
652,eco:b2747,0.00034879696343142834,1.2171394035873631e-07,0.0,1
653,eco:b1208,1.4241627999952017e-05,2.5346913310144826e-10,0.0,1
654,eco:b2746,5.814828625521657e-07,5.09616099989995e-11,0.0,1
655,eco:b0174,5.163999742042365e-09,8.803764699975672e-11,0.3333333333333333,1
656,eco:b0340,5.81119591385656e-19,3.5323417678068204e-11,0.0,2
657,eco:b0339,1.0737461228832485e-18,5.057260437980474e-11,0.0,2
658,eco:b1468,7.315592031969815e-07,1.0445930750206398e-10,0.6666666666666666,2
659,eco:b3366,8.564881622486112e-06,1.9753745520929831e-10,0.3333333333333333,2
660,eco:b4070,8.564881622486112e-06,1.9753745520929836e-10,0.3333333333333333,2
661,eco:b2206,7.315592031969815e-07,1.044593075020639e-10,0.6666666666666666,2
662,eco:b0873,8.504751999747475e-06,1.3635361974103156e-10,0.0,2
663,eco:b3425,7.10633410541049e-06,4.2341709126330977e-10,0.6,2
664,eco:b1670,5.854611265415854e-07,9.613036780216053e-11,1.0,2
665,eco:b2764,7.10633410541049e-06,4.2341709126330977e-10,0.6,2
666,eco:b2762,7.1074531348280736e-06,4.5760993098896513e-10,0.4,2
667,eco:b4214,3.065808008382229e-07,1.1010903399414751e-10,0.6666666666666666,2
668,eco:b0893,0.0013746982814858593,1.8908041222398627e-06,0.3333333333333333,1
669,eco:b0194,0.0001465332784192374,2.983831536460267e-08,1.0,1
670,eco:b1637,0.0011763441121637919,1.4013615027240373e-06,0.5,1
671,eco:b4129,9.729970058220846e-13,6.178974747835464e-11,1.0,2
672,eco:b0680,0.0004614133050457009,2.8683661180492226e-07,1.0,1
673,eco:b2697,0.00875688542055851,7.668113919369393e-05,1.0,1
674,eco:b1866,0.00046519636848614657,2.4732086600845835e-07,1.0,1
675,eco:b0930,6.038567855873481e-05,6.0685234214572536e-09,1.0,1
676,eco:b0026,0.0010798581740027189,1.1659328235858777e-06,0.0,1
677,eco:b4258,0.0011325135591822835,1.28246638935713e-06,1.0,1
678,eco:b0642,0.0010798581740027189,1.1659328235858792e-06,0.0,1
679,eco:b0526,0.01375795604413902,0.00018950478340387346,1.0,1
680,eco:b1876,6.485426167884776e-09,1.2706190007137003e-10,1.0,1
681,eco:b3384,1.9711091475678818e-11,3.872499775149557e-11,0.0,1
682,eco:b2514,6.641803599604249e-27,2.2185541106523826e-11,0.0,1
683,eco:b1714,0.001165894354024876,1.3773505732285908e-06,0.5,1
684,eco:b1719,0.0007948751898720224,6.334875394907675e-07,1.0,1
685,eco:b3560,0.004499175967735026,2.0475604377942732e-05,1.0,1
686,eco:b0595,2.2565628200990723e-06,1.0610737418797211e-10,0.3333333333333333,2
687,eco:b0596,9.235360964323902e-08,3.733799588251569e-11,0.0,2
